id,title,description,availability,condition,price,link,image_link,brand,google_product_category,fb_product_category,quantity_to_sell_on_facebook,sale_price,sale_price_effective_date,item_group_id,gender,color,size,age_group,material,pattern,shipping,shipping_weight,offer_disclaimer,offer_disclaimer_url,video[0].url,video[0].tag[0],gtin,product_tags[0],product_tags[1],style[0]
154,15B Bolton Street,"Rates from AU$351 per night. Final price depends on dates, guests and availability. Escape to the beautiful Snowy Mountains and enjoy a relaxing stay in this comfortable and well-equipped 2-bedroom cottage in Berridale. Perfectly positioned, the property is just 30 minutes from Jindabyne and approximately 50 minutes from the Snowy Mountains ski fields, making it an ideal base for winter snow trips and year-round mountain adventures. The cottage comfortably accommodates up to 5 guests and features two cozy bedrooms, each with its own heater, a modern bathroom, and reverse-cycle air conditioning for year-round comfort. Step outside and enjoy the peaceful surroundings from the front undercover verandah with seating or unwind under cover on the well lit rear patio, also equipped with seating for outdoor dining and relaxation. The fully enclosed yard for your pets provides a secure outdoor space, while the undercover carport offers convenient off-street parking. Whether you're planning a snow holiday, a summer escape, or a relaxing weekend away, this cottage is the perfect place to reconnect with family and friends. Spend your days exploring the region and your evenings sharing meals, playing games, and relaxing in the comfort of your home away from home. If you are seeking adventure, snow sports, or a peaceful country retreat, this charming cottage offers the perfect base to experience everything the Snowy Mountains has to offer. This property can accommodate up to 5 guests and allows pets. We look forward to welcoming you to Berridale! PLEASE NOTE WIFI IS NOT AVAILABLE AT THE PROPERTY STRA Permit ID: PID-STRA-93430",in stock,new,351.00 AUD,https://snowymountainsaccommodation.au/accommodation/15b-bolton-street/,https://images.prod.homhero.com.au/1280x0/e5bd5c43-aca3-4f3c-9364-d9c5044c6255/listing/154/827755ce-20b2-db6e-bde2-fa484fa3ff26.jpg,Snowy Mountains Accommodation,,,999,,,,,,,,,,,,,,,,,holiday_rental,Berridale,"{'name': 'Holiday House', 'slug': 'holiday-house', 'type': 'property_type'}"
138,1B Alpine View Retreat,"Rates from AU$500 per night. Final price depends on dates, guests and availability. Welcome to 1B Alpine View Retreat! Welcome to 1B Alpine View Retreat, the epitome of luxury and comfort in Jindabyne. This stunning brand new duplex is designed to cater specifically to friends and families seeking a truly memorable holiday experience. With its opulent and meticulously designed interior, this property offers a level of charm and elegance that is unparalleled. As you step into the grandeur of the ground floor, you'll be captivated by the Live Edge locally sourced feature wooden bench. A spacious double garage equipped with a drying cupboard provides secure storage for your vehicles and outdoor equipment. On this level, you'll also discover three exquisitely appointed bedrooms. The first bedroom boasts two king single beds and large windows that invite the natural light to cascade in and ample cupboard space ensures all your belongings can be neatly stored. Bedroom 2 and Bedroom 3 feature high-quality queen beds, guaranteeing a restful sleep for everyone. A shared stylish bathroom awaits, complete with a shower and large bath, while a separate toilet and laundry adds convenience. A cosy sitting room and a lovely courtyard offer additional spaces where you can relax and unwind. Moving upstairs, an industrial-style staircase and feature rustic brick wall guide your ascent. The pendant ball light above creates a captivating ambience as you venture into the open plan layout. Here, a modern kitchen, open plan living area, and a stylish round 8-seater dining area seamlessly combine to create an inviting atmosphere. Off the kitchen, a spacious balcony with expansive views of the mountains awaits, providing a perfect spot to relax and enjoy the beautiful sunsets. This setup is ideal for socialising, preparing meals, and enjoying shared moments with loved ones. A second sitting area on this level offers additional space for relaxing and unwinding, allowing you to take in the views from multiple vantage points. The magnificent mountain views can be admired from the comfortable furnishings in the lounge area, framed by a large picture window. Entertainment is well-catered for with a large smart TV and fast WiFi connection (500Mbps). A convenient powder room adds to the ease of use in this area. The spacious master bedroom awaits, complete with a king bed, walk-in robe, and a private ensuite. Access to yet another deck with a quaint sitting area allows you to enjoy more of the views on offer. Equipped with air conditioning in the upstairs areas, this property ensures a cool and refreshing atmosphere during the warm weather, allowing you to relax and unwind in absolute comfort. During the colder months the hydronic heating system throughout ensures a cozy warmth that will keep you snug and content. For outdoor enthusiasts, this property offers additional amenities such as the outdoor bike wash station which provides a secure and practical space for cleaning and maintaining your bikes, allowing you to make the most of the thrilling outdoor adventures in the area. Immerse yourself in the modern design that characterises this remarkable duplex. With excellent amenities and a convenient location, this property is the perfect choice for your holiday. Indulge in luxury and comfort as you soak in the breath taking mountain views that surround you. Every aspect of this meticulously designed property has been carefully considered to create an unforgettable experience for you and your loved ones. Book your stay now and prepare to be captivated by the charm and elegance of this exceptional retreat. 1B Alpine View Retreat can accommodate up to 8 guests and does not allow pets. Please note, the property is situated in a developing area, and construction may be taking place on some neighbouring properties. Please note that EV charging is not permitted at the property. Use of power outlets for charging electric vehicles is strictly prohibited and may result in additional fees. Public charging stations nearby (Jindabyne): NRMA Fast Charger – Kosciuszko Rd near the Visitor Centre, Lake Jindabyne Hotel – 48 Kosciuszko Rd, BP pulse Station – 8 Kosciuszko Rd. Sustainability practices include: Rainwater collected, recycling bins provided, taps and showers are water-efficient, towel reuse in place, walls and ceilings insulated, double glazed windows, green spaces on property, solar panels, hydronic heating. STRA Permit ID: PID-STRA-63635",in stock,new,500.00 AUD,https://snowymountainsaccommodation.au/accommodation/1b-alpine-view-retreat/,https://images.prod.homhero.com.au/1280x0/e5bd5c43-aca3-4f3c-9364-d9c5044c6255/listing/138/2231c607-b6ac-504e-b1d0-2beed839781f.jpg,Snowy Mountains Accommodation,,,999,,,,,,,,,,,,,,,,,holiday_rental,Jindabyne,"{'name': 'Jindabyne', 'slug': 'jindabyne', 'type': 'location'}"
152,2/24 Bogong,"Rates from AU$366 per night. Final price depends on dates, guests and availability. Escape to the Snowy Mountains and enjoy relaxed alpine living in this spacious three-bedroom apartment, perfectly positioned just a short stroll from the heart of Jindabyne. Designed for comfort and easy holiday living, the apartment offers a bright open-plan layout with plenty of space for families or groups to unwind after a day exploring the region. The highlight of the property is the expansive north-facing verandah, where you can soak in beautiful lake and mountain views while enjoying a morning coffee, outdoor meal, or evening drink. With a renovated kitchen and bathroom, air conditioning, double-glazed windows, and comfortable furnishings throughout, the apartment is well equipped for year-round stays. Three generous bedrooms, a second toilet, and ample parking make it a practical and comfortable base for your Snowy Mountains getaway. Located within a quiet boutique complex of only three residences, this property offers a peaceful setting while still being conveniently close to Jindabyne’s shops, cafes, restaurants, and the region’s year-round attractions. Features: • Expansive outdoor entertaining area with lake and mountain views • Three spacious bedrooms • Renovated kitchen and bathroom • Additional toilet with washbasin • Air conditioning • Smart TV • Single garage (height 195cm) with laundry to the rear • Additional carport parking • Quiet complex of only three residences • Easy walk to Jindabyne town centre Please note: Photos shown may include additional styling items used for sales photography which are not included within the holiday rental. STRA Permit ID: PID-STRA-93131",in stock,new,366.00 AUD,https://snowymountainsaccommodation.au/accommodation/2-24-bogong/,https://images.prod.homhero.com.au/1280x0/e5bd5c43-aca3-4f3c-9364-d9c5044c6255/listing/152/43dfb12e-47a3-e3c6-1c02-cf6ce16f1c9c.jpg,Snowy Mountains Accommodation,,,999,,,,,,,,,,,,,,,,,holiday_rental,Jindabyne,"{'name': 'Holiday Apartment', 'slug': 'holiday-apartment', 'type': 'property_type'}"
126,3A Kunama,"Rates from AU$470 per night. Final price depends on dates, guests and availability. Welcome to 3A Kunama! Located in the beautiful township of Berridale, this home is new to our holiday property portfolio and has been thoughtfully and artistically decorated. 3A Kunama is private and is just a short stroll the local shops and a 25 minute drive to Jindabyne and 60 mins to Thredbo and Perisher. This large home sleeps 10 people in 4 bedrooms with 3 bathrooms. The property offers a double lock up garage with internal access to the house. The entryway opens up to the sun filled open plan living area with its oversized lounge to relax on and a spacious 8 seater wooden dining table which has access to the fenced back yard. The open concept modern kitchen has all that you will need to enjoy your country getaway with: -Large fridge -Nespresso Coffee Machine -Microwave -Electric Cook Top -Electric Oven -Toaster and Kettle -Fully equipped with crockery, cutlery, glassware and pots/pans -Ample storage The Large Flat Screen TV is central to the whole loungeroom, so can be enjoyed from multiple vantage points in the room, while the reverse cycle air-conditioning unit provides a comfortable room temperature in the living/dining/kitchen areas for Winter and Summer guests alike. This spacious home has 4 well equipped bedrooms with ample storage and electric panel heaters for the Winter months. The Bedding Configuration for this property is: -Bedroom 1 has 2 single beds with a built in wardrobe and views of the back yard. -Bedroom 2 has a queen bed with a built in wardrobe and views to the front garden. -Bedroom 3 and 4 both boast a queen and a single bed, both with ensuites, consisting of shower, toilet and vanity. One room has access to the back yard, whilst the other has a large bay window to let the natural light shine in. All of this is down a long hallway with the spacious family bathroom closest to the living area, which offers a large shower, vanity and toilet. Across the way is the well-equipped Laundry with: -Large Washing Machine -Clothes Dryer -Laundry Sink -Spacious storage -Door to the grassed back yard. Sustainability practices include: Recycling bins provided, taps and showers are water-efficient, towel reuse in place, walls and ceilings insulated, green spaces on property. Please note: Not Pet Friendly STRA Permit ID: PID-STRA-83623",in stock,new,470.00 AUD,https://snowymountainsaccommodation.au/accommodation/3a-kunama/,https://images.prod.homhero.com.au/1280x0/e5bd5c43-aca3-4f3c-9364-d9c5044c6255/listing/126/19894146-ff5e-3098-42a8-127f804c2164.jpg,Snowy Mountains Accommodation,,,999,,,,,,,,,,,,,,,,,holiday_rental,Berridale,"{'name': 'Holiday House', 'slug': 'holiday-house', 'type': 'property_type'}"
129,Aarlaur 2,"Rates from AU$287 per night. Final price depends on dates, guests and availability. Tucked into the heart of Jindabyne, Aarlaur 2 is a cosy mountain-style chalet designed for slow mornings, crisp alpine air, and evenings by the firepit. Perfect for two couples, this inviting retreat blends rustic charm with thoughtful comfort—your ideal base for both adventure and unwinding. Inside, the ground floor welcomes you with a warm, open-plan living, dining and kitchen space, where timber accents and soft textures create an easy, relaxed atmosphere. After a day on the slopes or exploring the lake, sink into the freestanding bath or gather outside around the firepit under a sky full of stars (just bring your own firewood). The chalet features two queen bedrooms—one conveniently located downstairs, while the upstairs retreat offers added privacy along with a second sitting area, a quiet library/study nook, and a private balcony. From here, take in sweeping views across Lake Jindabyne as the light shifts over the mountains. With two EV chargers available (pay-per-use) and all the essentials for a comfortable stay, Aarlaur 2 makes coming back just as rewarding as heading out.* Whether you're chasing snow-filled days or a peaceful alpine escape, this is a place to settle in, switch off, and savour the season. * Please note that the chargers are publicly accessible and may be used by other EV drivers, so availability cannot be guaranteed exclusively for property guests. Any applicable charging fees are the responsibility of the user. This service is not offered in Winter to the wider community. STRA Permit ID: PID-STRA-48451",in stock,new,287.00 AUD,https://snowymountainsaccommodation.au/accommodation/aarlaur-2/,https://images.prod.homhero.com.au/1280x0/e5bd5c43-aca3-4f3c-9364-d9c5044c6255/listing/129/b49e51a3-16ea-6333-a20c-3f7d6844e47d.jpg,Snowy Mountains Accommodation,,,999,,,,,,,,,,,,,,,,,holiday_rental,Jindabyne,"{'name': 'Holiday Apartment', 'slug': 'holiday-apartment', 'type': 'property_type'}"
19,Acacia 2,"Rates from AU$438 per night. Final price depends on dates, guests and availability. Welcome to Acacia 2 — a spacious alpine townhouse designed for relaxed Snowy Mountains escapes with family and friends. Set against the stunning backdrop of the Snowy Mountains, this comfortable and well-equipped townhouse offers the perfect base for year-round adventures, whether you’re visiting for winter snow trips or summer days by the lake. The open-plan living area is warm, welcoming, and ideal for gathering together after a day outdoors. Large windows and a west-facing balcony capture beautiful mountain views, creating the perfect spot for summer BBQs, sunset drinks, or cosy winter afternoons. The fully equipped kitchen includes a Nespresso coffee machine and everything needed for easy holiday meals, while the generous lounge and dining spaces comfortably accommodate extended families and groups. Designed for comfort in every season, Acacia 2 features reverse-cycle air conditioning, a gas fireplace for chilly alpine evenings, NBN Wi-Fi, and Foxtel (Austar) entertainment. Sleeping up to eight guests, the property includes three comfortable bedrooms, including a master with ensuite, along with a full bathroom, separate toilet, and laundry facilities for added convenience during longer stays. Winter guests will especially appreciate the dedicated drying room located beside the stairs, along with ski and snowboard storage at the front entry—making snow holidays easy and stress-free. Outside, the double undercover carport provides ample parking space, including enough room for a boat, ideal for guests visiting during the warmer months. Perfectly positioned to enjoy everything the Snowy Mountains region has to offer, guests can spend their days skiing, snowboarding, snowshoeing, and exploring the alpine backcountry in winter, or enjoy hiking, mountain biking, fishing, horse riding, and watersports on Lake Jindabyne throughout summer. Thoughtful sustainability features include rainwater collection, recycling facilities, water-efficient fittings, towel reuse initiatives, insulated walls and ceilings, and surrounding green spaces. Acacia 2 comfortably accommodates up to 8 guests. Please note: This property is not pet friendly. STRA Permit ID: PID-STRA-10498",in stock,new,438.00 AUD,https://snowymountainsaccommodation.au/accommodation/acacia-2-luxurious-holiday-townhouse/,https://images.prod.homhero.com.au/1280x0/e5bd5c43-aca3-4f3c-9364-d9c5044c6255/listing/19/2067aa30-19eb-bc00-e322-2ec3b9f0ce3f.jpg,Snowy Mountains Accommodation,,,999,,,,,,,,,,,,,,,,,holiday_rental,Jindabyne,"{'name': 'Jindabyne', 'slug': 'jindabyne', 'type': 'location'}"
109,Alpine Mountain View 18,"Rates from AU$427 per night. Final price depends on dates, guests and availability. Welcome to Alpine Mountain view 18! Alpine Mountain View 18 is the perfect budget-friendly Jindabyne holiday apartment for groups of up to eight people. With four bedrooms, including two double beds and two rooms with two single beds each, this apartment is designed to ensure a comfortable stay. Each bedroom features electric column heaters and extra blankets for Winter, so guests can stay warm and cozy. Two of the bedrooms are equipped with wall-mounted flat-screen TVs and DVD players for added entertainment. With reverse-cycle air conditioning in the living area, you can stay comfortable throughout the year, whether you're visiting during the winter ski season or enjoying the summer sunshine. The lounge features plush seating, perfect for curling up with a good book or watching your favourite movie on the large flat-screen TV. The space also includes a coffee table, ideal for indulging in a hot cup of tea or coffee while taking in stunning views of the surrounding mountains. The apartment boasts two bathrooms, one with laundry facilities, and a fully equipped kitchen with a full oven, microwave, kettle, and toaster. The lounge area includes a plush L-shaped couch, a large flat-screen TV, and free WiFi, ensuring guests have all the comforts of home. From this upstairs apartment, guests can enjoy views of the lake and mountains. The complex offers a pool, which guests have access to throughout the summer months. The property also features off-street parking for two cars throughout your stay, providing peace of mind and convenience for guests. Whether you're here to enjoy the winter snow or summer sunshine, Alpine Mountain View 18 is the perfect base for your Jindabyne holiday. Experience comfort, convenience, and affordability in one fantastic package. Alpine Mountain View can accommodate up to 8 guests and does not allow pets. STRA Permit ID: PID-STRA-5353",in stock,new,427.00 AUD,https://snowymountainsaccommodation.au/accommodation/alpine-mountain-view-18-4-bedroom-jindabyne-unit-with-wifi/,https://images.prod.homhero.com.au/1280x0/e5bd5c43-aca3-4f3c-9364-d9c5044c6255/listing/109/3827f01b-2ce7-4eb4-4ba7-ccb981bc83e3.jpg,Snowy Mountains Accommodation,,,999,,,,,,,,,,,,,,,,,holiday_rental,Jindabyne,"{'name': 'Holiday Apartment', 'slug': 'holiday-apartment', 'type': 'property_type'}"
68,Alpine Mountain View 39,"Rates from AU$427 per night. Final price depends on dates, guests and availability. Welcome to Alpine Mountain View 39! Nestled in the heart of the Snowy Mountains, Alpine Mountain View 39 is the perfect holiday home for large families or groups of friends. Boasting three comfortable bedrooms, including two queen rooms, which are equipped with televisions and free Wi-Fi for streaming, this property is designed to ensure that everyone has a relaxing and enjoyable stay. The two modern bathrooms, one of which includes laundry facilities, offer convenience and comfort for guests. The open-plan kitchen, dining and living area is fully equipped with a full-sized fridge, oven, microwave, and pod coffee machine, making it easy to cook up a storm and enjoy meals together. The welcoming living space features reverse cycle air-conditioning and a large TV with streaming and free-to-air channels, perfect for relaxing after a long day of exploring. Alpine Mountain View 39 serves as an excellent base from which to explore the alpine landscape, offering a range of outdoor activities throughout the summer months, including hiking, fishing, horse-riding, mountain biking, and water sports on Lake Jindabyne. During winter, the property is conveniently located just 30 minutes away from the world-renowned resorts of Perisher and Thredbo, both of which offer a variety of winter sports and snow-play activities. With its comfortable furnishings and stunning location, Alpine Mountain View 39 is the perfect choice for your next Snowy Mountains getaway. Book your stay today and experience the best that Jindabyne has to offer! Alpine Mountain View 39 can accommodate up to 8 guests and does not allow pets. STRA Permit ID: PID-STRA-5386",in stock,new,427.00 AUD,https://snowymountainsaccommodation.au/accommodation/alpine-mountain-view-39-ground-floor-3-bedroom-unit/,https://images.prod.homhero.com.au/1280x0/e5bd5c43-aca3-4f3c-9364-d9c5044c6255/listing/68/019ef14b-c5e4-2347-3f9a-0fa7a8ecad29.jpg,Snowy Mountains Accommodation,,,999,,,,,,,,,,,,,,,,,holiday_rental,Jindabyne,"{'name': 'Holiday Apartment', 'slug': 'holiday-apartment', 'type': 'property_type'}"
117,Astrid's at Central Park,"Rates from AU$373 per night. Final price depends on dates, guests and availability. Welcome to Astrid's at Central Park! Astrid's at Central Park is the epitome of a wonderfully renovated top-floor 2-bedroom unit. Perfect for a family of five or two couples, it offers captivating views of the mountains and lake, making it an ideal place to stay when exploring the Snowy Mountains. The master bedroom features brand-new furnishings and carpets, with a wall-mounted smart TV, panel heater and queen bed. The en-suite bathroom has been thoughtfully renovated to include a toilet, vanity, and bath with an overhead shower. The second bedroom has also been updated and boasts a comfortable Tri Bunk, a single bed on top and a double on the base, with new furniture, carpets, and a wall-mounted panel heater. A combined bathroom/laundry services both the second bedroom and living area, including a shower, toilet, top loading washing machine, and a dryer. The open-plan living and dining area boasts brand new laminated floorboards, with a fully equipped kitchen, featuring a Bosch oven, induction cooktop, stainless steel dishwasher, full fridge, and coffee pod machine. Moreover, a six-seat dining table comfortably seats the group, opening up to a lovely leather lounge, matching ottoman, and a single armchair, which takes in both the mountain views and the wall-mounted smart TV. Astrid's at Central Park has all the necessary conveniences, including a wall-mounted reverse cycle air conditioner, WiFi, and a coffee machine. Plenty of storage for gear is available, including a bench seat with plenty of coat hooks and a rack for helmets. The complex offers a ski and bike storage room at ground level, while the unit has two allocated car spaces and is centrally located behind the Nuggets Crossing Shopping Centre. Astrid's at Central Park accommodates up to five people, does not allow pets and provides a comfortable and stylish base for your Snowy Mountains adventure. STRA Permit ID: PID-STRA-33194",in stock,new,373.00 AUD,https://snowymountainsaccommodation.au/accommodation/astrids-at-central-park-renovated-central-jindab/,https://images.prod.homhero.com.au/1280x0/e5bd5c43-aca3-4f3c-9364-d9c5044c6255/listing/117/44a591d4-2faa-9038-3b16-04a7917e163f.jpg,Snowy Mountains Accommodation,,,999,,,,,,,,,,,,,,,,,holiday_rental,Jindabyne,"{'name': 'Holiday Apartment', 'slug': 'holiday-apartment', 'type': 'property_type'}"
127,Avalanche 3,"Rates from AU$414 per night. Final price depends on dates, guests and availability. Welcome to Avalanche 3! Avalanche 3 is a delightful, recently renovated apartment that is perfect for families or groups of friends looking for a comfortable and stylish accommodation in Jindabyne. The apartment boasts three spacious bedrooms and two modern bathrooms, comfortably accommodating up to seven guests. Each bedroom is thoughtfully designed with panel heaters and in-built cupboards to ensure a cozy and comfortable stay. The open plan living, kitchen, and dining area is the heart of the apartment and is North-facing, providing an abundance of natural light throughout the day. The living area is beautifully furnished with a comfortable couch, armchairs, and a flat-screen TV, making it the perfect place to relax after a long day of exploring the beautiful Snowy Mountains. The dining area is equipped with a stylish dining table that seats up to seven guests, providing a great space to enjoy meals with family and friends. The fully equipped kitchen features modern appliances including a dishwasher, stove, oven, microwave, and a fridge, making it perfect for those who enjoy cooking. One of the highlights of Avalanche Three is the balcony, which offers stunning filtered lake and mountain views. It's the perfect place to enjoy a morning coffee or an evening drink while taking in the beautiful surroundings. The apartment is conveniently located close to Jindabyne's town centre, with 1 allocated carpark and just a 5-minute walk from shops, restaurants, pubs, cafes, and Lake Jindabyne. It's an ideal location for guests looking to explore the beautiful Snowy Mountains, with easy access to winter sports or summer activities such as hiking, fishing, horse riding, mountain biking, and water sports. For added convenience, the apartment has centrally located reverse cycle air conditioning in the lounge, providing comfortable temperatures throughout the year. WiFi is also available, ensuring guests can stay connected during their stay. Overall, Avalanche Three is a fantastic accommodation option for those looking for a comfortable, stylish, and convenient place to stay in Jindabyne. With its modern amenities, beautiful views, and prime location, it's the perfect home away from home for your next Snowy Mountains adventure. Sustainability practices include: Recycling bins provided, taps and showers are water-efficient, towel reuse in place, walls and ceilings insulated, double glazed windows. Avalanche 3 can accommodate up to 7 guests and does not allow pets. STRA Permit ID: PID-STRA-45721",in stock,new,414.00 AUD,https://snowymountainsaccommodation.au/accommodation/avalanche-3/,https://images.prod.homhero.com.au/1280x0/e5bd5c43-aca3-4f3c-9364-d9c5044c6255/listing/127/bad18279-b922-24c7-3455-829b5fa60925.jpg,Snowy Mountains Accommodation,,,999,,,,,,,,,,,,,,,,,holiday_rental,Jindabyne,"{'name': 'Holiday Apartment', 'slug': 'holiday-apartment', 'type': 'property_type'}"
23,Beloka 7,"Rates from AU$339 per night. Final price depends on dates, guests and availability. Beloka 7 is a cosy two-bedroom, two-bathroom townhouse showcasing lovely views across Lake Jindabyne and the surrounding mountains. Tucked away in a quiet pocket of town, it offers a single lock-up garage with internal access, plus a convenient ski and snowboard rack. Set over two levels, the upper floor features a bright open-plan living, dining, and kitchen area that opens onto a balcony—perfect for soaking in the scenery. One of the queen bedrooms is also located upstairs, while both bedrooms offer easy access to bathrooms. The upstairs bathroom includes a relaxing spa bath, while the downstairs bathroom connects to a laundry that is equipped with a heater and drying rack, ideal for winter gear. With a fully equipped kitchen and complimentary WiFi, Beloka 7 is a comfortable and practical choice for year-round stays. STRA Permit ID: PID-STRA-12692-7",in stock,new,339.00 AUD,https://snowymountainsaccommodation.au/accommodation/beloka-7-free-wifi/,https://images.prod.homhero.com.au/1280x0/e5bd5c43-aca3-4f3c-9364-d9c5044c6255/listing/23/47247747-ff4e-e740-b4d6-eacaf0b8b5f1.jpg,Snowy Mountains Accommodation,,,999,,,,,,,,,,,,,,,,,holiday_rental,Jindabyne,"{'name': 'Jindabyne', 'slug': 'jindabyne', 'type': 'location'}"
26,Black Diamond Retreat,"Rates from AU$485 per night. Final price depends on dates, guests and availability. Set in the peaceful surrounds of Tyrolean Village, Black Diamond Retreat is a thoughtfully designed escape where modern luxury meets alpine ease. Ideal for families and groups of friends, this stylish home balances high-end finishes with warm, welcoming spaces—perfect for relaxing after a day exploring the region. From arrival, the home makes an impression with its double carport, inviting mudroom entry, and interiors that are beautifully curated with designer furnishings and a soft, contemporary palette that creates an immediate sense of comfort. The main living level is centered around connection and comfort. A well-equipped kitchen features premium appliances, generous bench space, and an island for casual dining, flowing seamlessly into the open-plan living and dining area. Here, a gas fireplace and reverse-cycle air conditioning ensure year-round comfort, while a smart TV and in-ceiling Bluetooth speakers set the scene for relaxed evenings in. Step outside to the covered deck, where a BBQ and outdoor seating invite long meals overlooking Lake Jindabyne. Also on this level, the master suite offers a private retreat with a king bed, built-in robe, TV, and tranquil lake views. The ensuite is designed for indulgence, complete with underfloor heating, a spacious shower, and double vanity. A laundry with heated floors, washer, dryer, and ski boot drying facilities, along with a convenient powder room, adds to the home’s practicality. Downstairs, a second living area provides additional space to unwind, featuring a kitchenette and a pull-down Murphy bed for extra guests. Two further bedrooms—one with a queen bed and the other with two king singles—are complemented by a beautifully appointed main bathroom with a freestanding bath, separate shower, and underfloor heating. Sleeping up to 8 guests, with the following bedding configuration: Bedroom 1: King bed Bedroom 2: Queen bed Bedroom 3: Two king single beds Second living area: Queen Murphy bed Additional features include WiFi, panel heating in bedrooms, and a strict non-smoking policy inside and outside the entire property. Sustainability has been thoughtfully considered, with features such as solar panels, rainwater collection, double glazing, efficient water fixtures, and recycling facilities. Located just a short drive from Jindabyne’s shops, cafes, and restaurants, and within easy reach of the region’s key attractions, Black Diamond Retreat is perfectly positioned for both adventure and relaxation. Please note: The property is located in a developing area, and some neighbouring construction may be ongoing. Pets are not permitted. For extended stays (10+ nights) or New Year bookings, please enquire directly. STRA Permit ID: PID-STRA-14921",in stock,new,485.00 AUD,https://snowymountainsaccommodation.au/accommodation/black-diamond-retreat/,https://images.prod.homhero.com.au/1280x0/e5bd5c43-aca3-4f3c-9364-d9c5044c6255/listing/26/bf329032-86e1-46e9-9974-5e32f2212d09.jpg,Snowy Mountains Accommodation,,,999,,,,,,,,,,,,,,,,,holiday_rental,East Jindabyne,"{'name': 'Holiday House', 'slug': 'holiday-house', 'type': 'property_type'}"
31,Bundilla 4,"Rates from AU$420 per night. Final price depends on dates, guests and availability. Welcome to Bundilla 4 – Your Lakeside Retreat with Sauna and Stunning Views Discover the retro charm of Bundilla 4, nestled in the heart of Jindabyne. Perfectly positioned within easy walking distance of local shops and restaurants, this property offers a nostalgic getaway with all the comforts of modern living. Upon entering the property there are stairs that take you to a flat level apartment which features a spacious open-plan lounge, dining, and kitchen area invites you to unwind. Soak up the sweeping lake and mountain views from the generous balcony, complete with an outdoor setting and BBQ – the ideal spot for your morning coffee or an evening drink. After a day exploring the Snowy Mountains, relax in your private sauna, a luxury that sets Bundilla 4 apart. Or, curl up by the open fireplace in the colder months and enjoy the cosy, vintage-inspired ambience (please note, wood is not supplied). For added comfort year-round, a reverse-cycle air conditioner has been installed to service this area. The apartment comfortably accommodates families or small groups, featuring a master bedroom with ensuite, a main bathroom, separate toilet, and internal laundry facilities. Kids will love the dedicated TV room, just off the main living area, giving everyone their own space to relax. Other amenities include complimentary WiFi, a K-FEE coffee machine (pods not provided), and two off-street parking spaces. Bundilla 4 is the perfect base for your alpine adventures – from skiing and snowboarding in winter to hiking, biking, fishing, and lake activities in the warmer months. Please note: This property is not pet friendly. STRA Permit ID: PID-STRA-5215",in stock,new,420.00 AUD,https://snowymountainsaccommodation.au/accommodation/bundilla-4-spacious-townhouse-with-free-wifi/,https://images.prod.homhero.com.au/1280x0/e5bd5c43-aca3-4f3c-9364-d9c5044c6255/listing/31/3415063f-4976-4b4b-9c21-67a7b17477b4.jpg,Snowy Mountains Accommodation,,,999,,,,,,,,,,,,,,,,,holiday_rental,Jindabyne,"{'name': 'Jindabyne', 'slug': 'jindabyne', 'type': 'location'}"
32,Cascades 3,"Rates from AU$220 per night. Final price depends on dates, guests and availability. Welcome to Cascades 3! Escape to the Snowy Mountains with your partner, close friend or small family and enjoy the ultimate holiday experience at Cascades 3. This stunning property has everything you need to make your stay comfortable and memorable. The interior is beautifully presented and boasts a full kitchen, dining table, bathroom with shower over the bath, laundry facilities, and a spacious bedroom area that includes a small living space with lounge and coffee table. With free Wifi available, you can stay connected and share your holiday experiences with your loved ones back home. Located in Kurrajong Street, this holiday home places you within easy reach of the town center and lake foreshore, where you can indulge in fishing, water sports, and cycling. If you're a winter sports enthusiast, Perisher and Thredbo ski resorts are just 30 minutes away from the property. You can enjoy skiing, snowboarding, snow play, and back-country adventures to your heart's content. Cascades 3 offers a dedicated parking space with a maximum height of 210cm, making it convenient for guests to park their vehicles. Whether you're planning a summer or winter getaway, this property is the ultimate base from which to explore and experience the Snowy Mountains. Book your stay now and create unforgettable memories with your loved ones! This property is 'Not Pet Friendly' STRA Permit ID: PID-STRA-5346-3",in stock,new,220.00 AUD,https://snowymountainsaccommodation.au/accommodation/cascades-3-well-appointed-and-central-location/,https://images.prod.homhero.com.au/1280x0/e5bd5c43-aca3-4f3c-9364-d9c5044c6255/listing/32/e48eacca-757d-44e2-9c00-72c1a91bf4ba.jpg,Snowy Mountains Accommodation,,,999,,,,,,,,,,,,,,,,,holiday_rental,Jindabyne,"{'name': 'Holiday Apartment', 'slug': 'holiday-apartment', 'type': 'property_type'}"
34,Central Park 4,"Rates from AU$386 per night. Final price depends on dates, guests and availability. Welcome to Central Park 4! If you're looking for a budget-friendly accommodation in Jindabyne that offers ample space and convenience, then Central Park 4 is the perfect choice for you. This apartment is located in the heart of Jindabyne town centre, making it easy for guests to explore the shops, restaurants, and bars that surround the complex. Central Park 4 features three generously sized bedrooms and an open-plan living/dining/lounge area, which provides ample space for families or groups of friends. The kitchen is well-equipped with a dishwasher and full sized fridge, while the living area has a flat-screen TV and DVD player, perfect for a cozy night in. The apartment also has two off-street parking spaces, making it easy for guests to park their vehicles. For comfort the living area has Reverse Cycle Air Conditioning and the bedrooms have electric heating. Guests can enjoy a short walk to Lake Jindabyne, where they can indulge in fishing, water sports, hiking, or simply take a leisurely stroll along the foreshore. For those interested in winter sports, Perisher and Thredbo ski resorts are just 30 minutes away, offering skiing, snowboarding, snow play, and back-country adventures. Central Park 4 is perfect for families or groups of friends looking for a budget-friendly accommodation that offers convenience, comfort, and space. Please note that WIFI is not provided at this property. This property is 'Not Pet Friendly' STRA Permit ID: PID-STRA-25012",in stock,new,386.00 AUD,https://snowymountainsaccommodation.au/accommodation/central-park-4-centre-of-jindabyne/,https://images.prod.homhero.com.au/1280x0/e5bd5c43-aca3-4f3c-9364-d9c5044c6255/listing/34/e2ed0ebc-4dc8-bf55-848f-a8ad8c9a23c0.jpg,Snowy Mountains Accommodation,,,999,,,,,,,,,,,,,,,,,holiday_rental,Jindabyne,"{'name': 'Holiday Apartment', 'slug': 'holiday-apartment', 'type': 'property_type'}"
13,Cobbon Retreat,"Rates from AU$562 per night. Final price depends on dates, guests and availability. Welcome to Cobbon Retreat! Located in a quiet street and within walking distance to shops and restaurants, Cobbon Retreat is a large 5 bedroom holiday home that sleeps up to 12 people. This spacious property is perfect for families or groups of friends looking for a comfortable and convenient home away from home. The property boasts two large living areas, both with generous dining spaces, making it easy for everyone to come together for meals and relaxation. The modern kitchen is equipped with a brand new family size stainless steel fridge, making it easy for guests to prepare meals during their stay. The all-weather alfresco dining area provides plenty of space for everyone to enjoy outdoor dining and relaxation. Cobbon Retreat has two new fully rebuilt bathrooms in 2021, along with a new laundry area and an ensuite bathroom off the master bedroom. Guests are assured of warmth and comfort during their stay, thanks to the reverse cycle Air Conditioners and gas heaters in the living rooms, wall mounted electric panel heaters, and an instantaneous gas hot water system. The bedding configuration of this property includes a queen bed with built-in robes in bedroom 1, a queen bed with a cupboard in bedroom 2, a double bed with open robes in bedroom 3, a queen bed with an ensuite bathroom and balcony in bedroom 4, and a generous downstairs space in bedroom 5 that is suited to a kids zone with a tri bunk and 2 single beds. This room has underfloor slab heating, a wall-mounted TV and sliding doors to the backyard. Cobbon Retreat has a double lock-up garage with plenty of room for storing skis and mountain bikes, and ample off-street parking is available. WIFI is provided to keep the family occupied when relaxing at home. Please note that there may be some construction in progress in the surrounding areas due to ongoing development Overall, Cobbon Retreat is a fantastic choice for families or groups of friends looking for a spacious, modern, and convenient holiday home in Jindabyne. Book your stay now and enjoy a comfortable and memorable holiday experience in the Snowy Mountains. Cobbon Retreat can accommodate up to 12 people and is Pet Friendly. Sustainability practices include: Recycling bins provided, taps and showers are water-efficient, towel reuse in place, green spaces on property. STRA Permit ID: PID-STRA-27369",in stock,new,562.00 AUD,https://snowymountainsaccommodation.au/accommodation/cobbon-retreat-5-bedroom-home-with-free-wifi/,https://images.prod.homhero.com.au/1280x0/e5bd5c43-aca3-4f3c-9364-d9c5044c6255/listing/13/5b976bd8-d617-14a7-ed34-277bbff85c3e.jpg,Snowy Mountains Accommodation,,,999,,,,,,,,,,,,,,,,,holiday_rental,Jindabyne,"{'name': 'Jindabyne', 'slug': 'jindabyne', 'type': 'location'}"
143,Deadwood Den - 1/50 Townsend Street Jindabyne,"Rates from AU$399 per night. Final price depends on dates, guests and availability. Welcome to Deadwood Den! Welcome to Deadwood Den, a luxurious holiday rental apartment nestled in the heart of Jindabyne! This spacious 3-bedroom, 3-bathroom townhouse spans across 4 levels, offering ample space and comfort for your vacation retreat. Recently renovated to the highest standards, this townhouse exudes modern elegance and charm. As you enter, you'll be greeted by a well-appointed entry level featuring a drying cupboard, a cozy bedroom, and a sleek bathroom. The combined kitchen and dining area with gas heating seamlessly flows out onto a large south-facing deck, where you can indulge in breathtaking views of 'Pooh Bay' and the majestic dam wall. The middle level is dedicated to relaxation and entertainment, boasting a generous living and lounge area adorned with a slow combustion fireplace (complimentary limited supply of firewood provided), perfect for cozy evenings with loved ones. Step outside onto the north-facing deck to soak up the sun and relish in the tranquil surroundings. Ascending to the upper level, you'll discover the luxurious master suite, complete with its own bathroom and panoramic views of the serene Lake Jindabyne and picturesque mountains. Wake up to the sight of the sun casting its golden hues over the water, setting the tone for another day of adventure. The lower level offers a spacious third bedroom, providing privacy and comfort, with a sliding glass door leading to the undercover rear courtyard. Convenient parking is available right at your doorstep, featuring a carport with a Tesla EV charging station and an additional open parking space. Conveniently located within walking distance of the Town Centre shopping complex, Jindabyne Bowling Club, Lake Jindabyne, and the lakeside shared trail, our townhouse is ideally positioned for outdoor enthusiasts and those seeking an active lifestyle. Whether you're hitting the slopes in winter or exploring the myriad of outdoor activities in summer, this is the ultimate base for your alpine adventure. Escape to this holiday rental apartment and immerse yourself in the beauty and tranquility of Jindabyne, where every moment is an opportunity for unforgettable memories. STRA Permit ID: PID-STRA-66751",in stock,new,399.00 AUD,https://snowymountainsaccommodation.au/accommodation/1-50-townsend-street-jindabyne/,https://images.prod.homhero.com.au/1280x0/e5bd5c43-aca3-4f3c-9364-d9c5044c6255/listing/143/32f30b83-7ab6-9ba3-32e1-fcf09543c070.jpg,Snowy Mountains Accommodation,,,999,,,,,,,,,,,,,,,,,holiday_rental,Jindabyne,"{'name': 'Jindabyne', 'slug': 'jindabyne', 'type': 'location'}"
35,Dromaius 5,"Rates from AU$429 per night. Final price depends on dates, guests and availability. Welcome to Dromaius 5! Dromaius 5 is a premium quality townhouse located in Jindabyne that offers a comfortable stay for up to eight people. With three bedrooms, two bathrooms and a spacious living area, this townhouse provides ample space for everyone. The bedrooms are well-appointed, with two queen-sized beds and a third room with two bunk beds, making it perfect for families or groups of friends. The townhouse also includes two private balconies with stunning views, as well as TVs in both queen rooms. The upstairs bathroom boasts a large corner spa, which is perfect for relaxing after a day of exploring the beautiful surroundings. The second bathroom offers a shower over bath, providing guests with all the amenities they need. The double lock-up garage with internal access and remote is perfect for storing bikes, boats, and skis and boards, making it ideal for year-round use. The townhouse also offers various amenities such as instantaneous hot water, WiFi, full laundry facilities, a coffee pod machine, a gas fireplace to keep guests warm during the winter and air conditions for the summer months. The spacious and fully equipped kitchen includes a microwave and dishwasher, making it easy to cook meals in the comfort of your own home. Enjoy the breathtaking views while grilling and dining on the expansive balcony with a covered entertainment area. Please be advised there may be some construction in progress in the surrounding areas due to ongoing development. Nevertheless, Dromaius 5 is a top-notch townhouse that guarantees a comfortable stay for families or friends looking to discover the stunning Jindabyne area. This property is 'Not Pet Friendly' STRA Permit ID: PID-STRA-42345",in stock,new,429.00 AUD,https://snowymountainsaccommodation.au/accommodation/dromaius-5-great-views-of-the-snowy-mountains/,https://images.prod.homhero.com.au/1280x0/e5bd5c43-aca3-4f3c-9364-d9c5044c6255/listing/35/aac2f328-5608-05c1-b44a-43092323076c.jpg,Snowy Mountains Accommodation,,,999,,,,,,,,,,,,,,,,,holiday_rental,Jindabyne,"{'name': 'Jindabyne', 'slug': 'jindabyne', 'type': 'location'}"
46,Ecocrackenback Chalet 12,"Rates from AU$329 per night. Final price depends on dates, guests and availability. Welcome to Ecocrackenback — a collection of thoughtfully appointed alpine chalets nestled amongst the snow gums in the heart of Crackenback Valley. These premium eco chalets combine sustainable alpine design with upgraded interiors and additional comfort touches, creating a warm and inviting Snowy Mountains retreat. Filled with natural light, the chalets feature polished heated concrete floors, raked ceilings, clean-heat ethanol fireplaces, and large floor-to-ceiling windows framing the surrounding alpine landscape. Carefully selected furnishings and upgraded styling provide a more elevated and comfortable guest experience. Relax on the private deck with outdoor dining and Weber BBQ while taking in the peaceful rural surrounds and local wildlife. Located only 10 minutes from Jindabyne, 10 minutes to the Ski Tube, and 20 minutes from Thredbo, Ecocrackenback is perfectly positioned for snow holidays, mountain biking, hiking, and year-round alpine adventures. Features include: • Enhanced furnishings and upgraded interior styling • Heated concrete flooring throughout • Ethanol fireplace • Smart TV & WiFi • Fully equipped kitchen with convection microwave/grill & double hotplates • Heated ski drying rack • Weber BBQ on the deck • Communal laundry facilities Ecocrackenback’s sustainability initiatives include solar power, rainwater harvesting, insulated construction, double glazing, recycling facilities, and environmentally conscious wastewater systems. Please note: Pets are not permitted. STRA Permit ID: PID-STRA-7387",in stock,new,329.00 AUD,https://snowymountainsaccommodation.au/accommodation/ecocrackenback-12-sustainable-chalet-close-to-the-slopes/,https://images.prod.homhero.com.au/1280x0/e5bd5c43-aca3-4f3c-9364-d9c5044c6255/listing/46/e3889f09-a254-a076-074f-2350ebec5b06.jpg,Snowy Mountains Accommodation,,,999,,,,,,,,,,,,,,,,,holiday_rental,Crackenback,"{'name': 'Holiday House', 'slug': 'holiday-house', 'type': 'property_type'}"
47,Ecocrackenback Chalet 13,"Rates from AU$329 per night. Final price depends on dates, guests and availability. Welcome to Ecocrackenback — a collection of thoughtfully appointed alpine chalets nestled amongst the snow gums in the heart of Crackenback Valley. These premium eco chalets combine sustainable alpine design with upgraded interiors and additional comfort touches, creating a warm and inviting Snowy Mountains retreat. Filled with natural light, the chalets feature polished heated concrete floors, raked ceilings, clean-heat ethanol fireplaces, and large floor-to-ceiling windows framing the surrounding alpine landscape. Carefully selected furnishings and upgraded styling provide a more elevated and comfortable guest experience. Relax on the private deck with outdoor dining and Weber BBQ while taking in the peaceful rural surrounds and local wildlife. Located only 10 minutes from Jindabyne, 10 minutes to the Ski Tube, and 20 minutes from Thredbo, Ecocrackenback is perfectly positioned for snow holidays, mountain biking, hiking, and year-round alpine adventures. Features include: • Enhanced furnishings and upgraded interior styling • Heated concrete flooring throughout • Ethanol fireplace • Smart TV & WiFi • Fully equipped kitchen with convection microwave/grill & double hotplates • Heated ski drying rack • Weber BBQ on the deck • Communal laundry facilities Ecocrackenback’s sustainability initiatives include solar power, rainwater harvesting, insulated construction, double glazing, recycling facilities, and environmentally conscious wastewater systems. Please note: Pets are not permitted. STRA Permit ID: PID-STRA-7459",in stock,new,329.00 AUD,https://snowymountainsaccommodation.au/accommodation/ecocrackenback-13-sustainable-chalet-close-to-the-slopes/,https://images.prod.homhero.com.au/1280x0/e5bd5c43-aca3-4f3c-9364-d9c5044c6255/listing/47/d32f9180-3175-804a-29c1-de6a9b52ca62.jpg,Snowy Mountains Accommodation,,,999,,,,,,,,,,,,,,,,,holiday_rental,CRACKENBACK,"{'name': 'Holiday House', 'slug': 'holiday-house', 'type': 'property_type'}"
48,Ecocrackenback Chalet 14,"Rates from AU$329 per night. Final price depends on dates, guests and availability. Welcome to Ecocrackenback — a collection of thoughtfully appointed alpine chalets nestled amongst the snow gums in the heart of Crackenback Valley. These premium eco chalets combine sustainable alpine design with upgraded interiors and additional comfort touches, creating a warm and inviting Snowy Mountains retreat. Filled with natural light, the chalets feature polished heated concrete floors, raked ceilings, clean-heat ethanol fireplaces, and large floor-to-ceiling windows framing the surrounding alpine landscape. Carefully selected furnishings and upgraded styling provide a more elevated and comfortable guest experience. Relax on the private deck with outdoor dining and BBQ while taking in the peaceful rural surrounds and local wildlife. Located only 10 minutes from Jindabyne, 10 minutes to the Ski Tube, and 20 minutes from Thredbo, Ecocrackenback is perfectly positioned for snow holidays, mountain biking, hiking, and year-round alpine adventures. Features include: • Enhanced furnishings and upgraded interior styling • Heated concrete flooring throughout • Ethanol fireplace • Smart TV & WiFi • Fully equipped kitchen with convection microwave/grill & double hotplates • Heated ski drying rack • BBQ on the deck • Communal laundry facilities Ecocrackenback’s sustainability initiatives include solar power, rainwater harvesting, insulated construction, double glazing, recycling facilities, and environmentally conscious wastewater systems. Please note: Pets are not permitted. STRA Permit ID: PID-STRA-5211-1",in stock,new,329.00 AUD,https://snowymountainsaccommodation.au/accommodation/ecocrackenback-14-sustainable-chalet-close-to-the-slopes/,https://images.prod.homhero.com.au/1280x0/e5bd5c43-aca3-4f3c-9364-d9c5044c6255/listing/48/17904ecf-9c59-5c5a-06a6-409f3bfca50d.jpg,Snowy Mountains Accommodation,,,999,,,,,,,,,,,,,,,,,holiday_rental,CRACKENBACK,"{'name': 'Holiday House', 'slug': 'holiday-house', 'type': 'property_type'}"
49,Ecocrackenback Chalet 15,"Rates from AU$329 per night. Final price depends on dates, guests and availability. Welcome to Ecocrackenback — a collection of thoughtfully appointed alpine chalets nestled amongst the snow gums in the heart of Crackenback Valley. These premium eco chalets combine sustainable alpine design with upgraded interiors and additional comfort touches, creating a warm and inviting Snowy Mountains retreat. Filled with natural light, the chalets feature polished heated concrete floors, raked ceilings, clean-heat ethanol fireplaces, and large floor-to-ceiling windows framing the surrounding alpine landscape. Carefully selected furnishings and upgraded styling provide a more elevated and comfortable guest experience. Relax on the private deck with outdoor dining and Weber BBQ while taking in the peaceful rural surrounds and local wildlife. Located only 10 minutes from Jindabyne, 10 minutes to the Ski Tube, and 20 minutes from Thredbo, Ecocrackenback is perfectly positioned for snow holidays, mountain biking, hiking, and year-round alpine adventures. Features include: • Enhanced furnishings and upgraded interior styling • Heated concrete flooring throughout • Ethanol fireplace • Smart TV & WiFi • Kitchen with microwave & double hotplates • Heated ski drying rack • Weber BBQ on the deck • Communal laundry facilities Ecocrackenback’s sustainability initiatives include solar power, rainwater harvesting, insulated construction, double glazing, recycling facilities, and environmentally conscious wastewater systems. Please note: Pets are not permitted. STRA Permit ID: PID-STRA-83602",in stock,new,329.00 AUD,https://snowymountainsaccommodation.au/accommodation/ecocrackenback-15-sustainable-chalet-close-to-the-slopes/,https://images.prod.homhero.com.au/1280x0/e5bd5c43-aca3-4f3c-9364-d9c5044c6255/listing/49/a73eb0ff-b557-fb3e-13a4-75e231780a2b.jpg,Snowy Mountains Accommodation,,,999,,,,,,,,,,,,,,,,,holiday_rental,CRACKENBACK,"{'name': 'Holiday House', 'slug': 'holiday-house', 'type': 'property_type'}"
50,Ecocrackenback Chalet 16,"Rates from AU$303 per night. Final price depends on dates, guests and availability. Nestled amongst the snow gums along the Alpine Way, Ecocrackenback offers a peaceful alpine escape within the stunning Crackenback Valley. These eco-sustainable chalets provide the perfect base to relax and explore everything the Snowy Mountains region has to offer. Designed with nature in mind, each chalet features cross-ventilated living spaces, raked ceilings with fans, abundant natural light, polished concrete heated floors, and a clean-heat ethanol fireplace for cosy winter evenings. Enjoy the tranquil rural setting from the large floor-to-ceiling windows or unwind on the private deck complete with Weber BBQ and outdoor dining area during the warmer months. Conveniently located just 10 minutes from Jindabyne, 20 minutes to Thredbo, and 10 minutes to the Ski Tube for Perisher access, Ecocrackenback is ideally positioned for year-round adventure. The chalet comfortably accommodates a family of four and includes: • Fully equipped kitchen with convection microwave/grill & double hotplates • Smart TV & WiFi • Heated drying rack for ski gear • Instantaneous gas hot water • Communal laundry facilities Sustainability features include rainwater collection, solar panels, double-glazed windows, insulated walls and ceilings, recycling facilities, and an on-site worm farm system. Please note: Pets are not permitted. STRA Permit ID: PID-STRA-23886",in stock,new,303.00 AUD,https://snowymountainsaccommodation.au/accommodation/ecocrackenback-16-sustainable-chalet-close-to-the-slopes/,https://images.prod.homhero.com.au/1280x0/e5bd5c43-aca3-4f3c-9364-d9c5044c6255/listing/50/7465cbe8-6d52-bb78-096f-1836aa6b8d81.jpg,Snowy Mountains Accommodation,,,999,,,,,,,,,,,,,,,,,holiday_rental,CRACKENBACK,"{'name': 'Holiday House', 'slug': 'holiday-house', 'type': 'property_type'}"
52,Ecocrackenback Chalet 2,"Rates from AU$303 per night. Final price depends on dates, guests and availability. Nestled amongst the snow gums along the Alpine Way, Ecocrackenback offers a peaceful alpine escape within the stunning Crackenback Valley. These eco-sustainable chalets provide the perfect base to relax and explore everything the Snowy Mountains region has to offer. Designed with nature in mind, each chalet features cross-ventilated living spaces, raked ceilings with fans, abundant natural light, polished concrete heated floors, and a clean-heat ethanol fireplace for cosy winter evenings. Enjoy the tranquil rural setting from the large floor-to-ceiling windows or unwind on the private deck complete with Weber BBQ and outdoor dining area during the warmer months. Conveniently located just 10 minutes from Jindabyne, 20 minutes to Thredbo, and 10 minutes to the Ski Tube for Perisher access, Ecocrackenback is ideally positioned for year-round adventure. The chalet comfortably accommodates a family of four and includes: • Fully equipped kitchen with convection microwave/grill & double hotplates • Smart TV & WiFi • Heated drying rack for ski gear • Instantaneous gas hot water • Communal laundry facilities Sustainability features include rainwater collection, solar panels, double-glazed windows, insulated walls and ceilings, recycling facilities, and an on-site worm farm system. Please note: Pets are not permitted. STRA Permit ID: PID-STRA-27871",in stock,new,303.00 AUD,https://snowymountainsaccommodation.au/accommodation/ecocrackenback-2-sustainable-chalet-close-to-the-slopes/,https://images.prod.homhero.com.au/1280x0/e5bd5c43-aca3-4f3c-9364-d9c5044c6255/listing/52/16cbc1d8-8276-98e5-5712-3241531c032a.jpg,Snowy Mountains Accommodation,,,999,,,,,,,,,,,,,,,,,holiday_rental,CRACKENBACK,"{'name': 'Holiday House', 'slug': 'holiday-house', 'type': 'property_type'}"
54,Ecocrackenback Chalet 4,"Rates from AU$329 per night. Final price depends on dates, guests and availability. Welcome to Ecocrackenback — a collection of thoughtfully appointed alpine chalets nestled amongst the snow gums in the heart of Crackenback Valley. These premium eco chalets combine sustainable alpine design with upgraded interiors and additional comfort touches, creating a warm and inviting Snowy Mountains retreat. Filled with natural light, the chalets feature polished heated concrete floors, raked ceilings, clean-heat ethanol fireplaces, and large floor-to-ceiling windows framing the surrounding alpine landscape. Carefully selected furnishings and upgraded styling provide a more elevated and comfortable guest experience. Relax on the private deck with outdoor dining and BBQ while taking in the peaceful rural surrounds and local wildlife. Located only 10 minutes from Jindabyne, 10 minutes to the Ski Tube, and 20 minutes from Thredbo, Ecocrackenback is perfectly positioned for snow holidays, mountain biking, hiking, and year-round alpine adventures. Features include: • Enhanced furnishings and upgraded interior styling • Heated concrete flooring throughout • Ethanol fireplace • Smart TV & WiFi • Fully equipped kitchen with convection microwave/grill & double hotplates • Heated ski drying rack • BBQ on the deck • Communal laundry facilities Ecocrackenback’s sustainability initiatives include solar power, rainwater harvesting, insulated construction, double glazing, recycling facilities, and environmentally conscious wastewater systems. Please note: Pets are not permitted. STRA Permit ID: PID-STRA-21358-4",in stock,new,329.00 AUD,https://snowymountainsaccommodation.au/accommodation/ecocrackenback-4-sustainable-chalet-close-to-the-slopes/,https://images.prod.homhero.com.au/1280x0/e5bd5c43-aca3-4f3c-9364-d9c5044c6255/listing/54/74dc7567-bf19-5bd5-5d2d-b9d0f0cb54c3.jpg,Snowy Mountains Accommodation,,,999,,,,,,,,,,,,,,,,,holiday_rental,CRACKENBACK,"{'name': 'Holiday House', 'slug': 'holiday-house', 'type': 'property_type'}"
56,Ecocrackenback Chalet 7,"Rates from AU$329 per night. Final price depends on dates, guests and availability. Welcome to Ecocrackenback — a collection of thoughtfully appointed alpine chalets nestled amongst the snow gums in the heart of Crackenback Valley. These premium eco chalets combine sustainable alpine design with upgraded interiors and additional comfort touches, creating a warm and inviting Snowy Mountains retreat. Filled with natural light, the chalets feature polished heated concrete floors, raked ceilings, clean-heat ethanol fireplaces, and large floor-to-ceiling windows framing the surrounding alpine landscape. Carefully selected furnishings and upgraded styling provide a more elevated and comfortable guest experience. Relax on the private deck with outdoor dining and BBQ while taking in the peaceful rural surrounds and local wildlife. Located only 10 minutes from Jindabyne, 10 minutes to the Ski Tube, and 20 minutes from Thredbo, Ecocrackenback is perfectly positioned for snow holidays, mountain biking, hiking, and year-round alpine adventures. Features include: • Enhanced furnishings and upgraded interior styling • Heated concrete flooring throughout • Ethanol fireplace • Smart TV & WiFi • Fully equipped kitchen with convection microwave/grill & double hotplates • Heated ski drying rack • BBQ on the deck • Communal laundry facilities Ecocrackenback’s sustainability initiatives include solar power, rainwater harvesting, insulated construction, double glazing, recycling facilities, and environmentally conscious wastewater systems. Please note: Pets are not permitted. STRA Permit ID: PID-STRA-5264-2",in stock,new,329.00 AUD,https://snowymountainsaccommodation.au/accommodation/ecocrackenback-7-sustainable-chalet-close-to-the-slopes/,https://images.prod.homhero.com.au/1280x0/e5bd5c43-aca3-4f3c-9364-d9c5044c6255/listing/56/b5303e4a-ca11-3b18-eafa-d56b08eef963.jpg,Snowy Mountains Accommodation,,,999,,,,,,,,,,,,,,,,,holiday_rental,CRACKENBACK,"{'name': 'Holiday House', 'slug': 'holiday-house', 'type': 'property_type'}"
57,Ecocrackenback Chalet 9,"Rates from AU$329 per night. Final price depends on dates, guests and availability. Welcome to Ecocrackenback — a collection of thoughtfully appointed alpine chalets nestled amongst the snow gums in the heart of Crackenback Valley. These premium eco chalets combine sustainable alpine design with upgraded interiors and additional comfort touches, creating a warm and inviting Snowy Mountains retreat. Filled with natural light, the chalets feature polished heated concrete floors, raked ceilings, clean-heat ethanol fireplaces, and large floor-to-ceiling windows framing the surrounding alpine landscape. Carefully selected furnishings and upgraded styling provide a more elevated and comfortable guest experience. Relax on the private deck with outdoor dining and BBQ while taking in the peaceful rural surrounds and local wildlife. Located only 10 minutes from Jindabyne, 10 minutes to the Ski Tube, and 20 minutes from Thredbo, Ecocrackenback is perfectly positioned for snow holidays, mountain biking, hiking, and year-round alpine adventures. Features include: • Enhanced furnishings and upgraded interior styling • Heated concrete flooring throughout • Ethanol fireplace • Smart TV & WiFi • Fully equipped kitchen with convection microwave/grill & double hotplates • Heated ski drying rack • BBQ on the deck • Communal laundry facilities Ecocrackenback’s sustainability initiatives include solar power, rainwater harvesting, insulated construction, double glazing, recycling facilities, and environmentally conscious wastewater systems. Please note: Pets are not permitted. STRA Permit ID: PID-STRA-5083-9",in stock,new,329.00 AUD,https://snowymountainsaccommodation.au/accommodation/ecocrackenback-9-sustainable-chalet-close-to-the-slopes/,https://images.prod.homhero.com.au/1280x0/e5bd5c43-aca3-4f3c-9364-d9c5044c6255/listing/57/14032c98-30b7-cd6c-0537-99b0182bd757.jpg,Snowy Mountains Accommodation,,,999,,,,,,,,,,,,,,,,,holiday_rental,CRACKENBACK,"{'name': 'Holiday House', 'slug': 'holiday-house', 'type': 'property_type'}"
141,Ecocrackenback Luxe Chalet 18,"Rates from AU$343 per night. Final price depends on dates, guests and availability. Experience elevated alpine living at Ecocrackenback. Positioned amongst native snow gums on 40 acres along the Alpine Way, these deluxe eco chalets offer a premium Snowy Mountains escape with enhanced furnishings, refined styling, and added comfort throughout. Architecturally designed with sustainability at the forefront, the chalets feature soaring raked ceilings, expansive floor-to-ceiling windows, heated polished concrete floors, and clean-heat ethanol fireplaces, creating a warm and luxurious alpine atmosphere year-round. The deluxe chalets have been thoughtfully presented quality furnishings, styling, and comfort inclusions to provide a more premium guest experience while still embracing the relaxed natural beauty of the Snowy Mountains. Enjoy peaceful mornings overlooking the bushland surrounds and cosy evenings by the fire after a day skiing, hiking, or exploring the region. Conveniently located: • 10 minutes to Jindabyne • 10 minutes to the Ski Tube for Perisher access • 20 minutes to Thredbo Features include: • upgraded furnishings & styling • Heated polished concrete flooring • Ethanol fireplace • Deck with Weber BBQ • Smart TV & WiFi • Fully equipped kitchen with convection microwave/grill & double hotplates • Heated drying rack for snow gear • Access to communal laundry facilities Ecocrackenback embraces sustainable living through solar energy, rainwater harvesting, double glazing, insulated construction, water-efficient systems, recycling facilities, and environmentally conscious wastewater management. Please note: Pets are not permitted. STRA Permit ID: PID-STRA-63307",in stock,new,343.00 AUD,https://snowymountainsaccommodation.au/accommodation/ecocrackenback-18/,https://images.prod.homhero.com.au/1280x0/e5bd5c43-aca3-4f3c-9364-d9c5044c6255/listing/141/f3b2edcc-8976-0135-134d-04864b965072.jpg,Snowy Mountains Accommodation,,,999,,,,,,,,,,,,,,,,,holiday_rental,Crackenback,"{'name': 'Holiday House', 'slug': 'holiday-house', 'type': 'property_type'}"
51,Ecocrackenback Luxe Chalet 19,"Rates from AU$343 per night. Final price depends on dates, guests and availability. Experience elevated alpine living at Ecocrackenback. Positioned amongst native snow gums on 40 acres along the Alpine Way, these deluxe eco chalets offer a premium Snowy Mountains escape with enhanced furnishings, refined styling, and added comfort throughout. Architecturally designed with sustainability at the forefront, the chalets feature soaring raked ceilings, expansive floor-to-ceiling windows, heated polished concrete floors, and clean-heat ethanol fireplaces, creating a warm and luxurious alpine atmosphere year-round. The deluxe chalets have been thoughtfully presented quality furnishings, styling, and comfort inclusions to provide a more premium guest experience while still embracing the relaxed natural beauty of the Snowy Mountains. Enjoy peaceful mornings overlooking the bushland surrounds and cosy evenings by the fire after a day skiing, hiking, or exploring the region. Conveniently located: • 10 minutes to Jindabyne • 10 minutes to the Ski Tube for Perisher access • 20 minutes to Thredbo Features include: • upgraded furnishings & styling • Heated polished concrete flooring • Ethanol fireplace • Deck with Weber BBQ • Smart TV & WiFi • Fully equipped kitchen with convection microwave/grill & double hotplates • Heated drying rack for snow gear • Access to communal laundry facilities Ecocrackenback embraces sustainable living through solar energy, rainwater harvesting, double glazing, insulated construction, water-efficient systems, recycling facilities, and environmentally conscious wastewater management. Please note: Pets are not permitted. STRA Permit ID: PID-STRA-70203",in stock,new,343.00 AUD,https://snowymountainsaccommodation.au/accommodation/ecocrackenback-19-sustainable-chalet-close-to-the-slopes/,https://images.prod.homhero.com.au/1280x0/e5bd5c43-aca3-4f3c-9364-d9c5044c6255/listing/51/4e5daea2-0c43-0833-ed85-a60f6ce7e77c.jpg,Snowy Mountains Accommodation,,,999,,,,,,,,,,,,,,,,,holiday_rental,CRACKENBACK,"{'name': 'Holiday House', 'slug': 'holiday-house', 'type': 'property_type'}"
53,Ecocrackenback Luxe Chalet 3,"Rates from AU$343 per night. Final price depends on dates, guests and availability. Experience elevated alpine living at Ecocrackenback. Positioned amongst native snow gums on 40 acres along the Alpine Way, these deluxe eco chalets offer a premium Snowy Mountains escape with enhanced furnishings, refined styling, and added comfort throughout. Architecturally designed with sustainability at the forefront, the chalets feature soaring raked ceilings, expansive floor-to-ceiling windows, heated polished concrete floors, and clean-heat ethanol fireplaces, creating a warm and luxurious alpine atmosphere year-round. The deluxe chalets have been thoughtfully presented quality furnishings, styling, and comfort inclusions to provide a more premium guest experience while still embracing the relaxed natural beauty of the Snowy Mountains. Enjoy peaceful mornings overlooking the bushland surrounds and cosy evenings by the fire after a day skiing, hiking, or exploring the region. Conveniently located: • 10 minutes to Jindabyne • 10 minutes to the Ski Tube for Perisher access • 20 minutes to Thredbo Features include: • upgraded furnishings & styling • Heated polished concrete flooring • Ethanol fireplace • Deck with BBQ • Smart TV & WiFi • Fully equipped kitchen with convection microwave/grill & double hotplates • Heated drying rack for snow gear • Access to communal laundry facilities Ecocrackenback embraces sustainable living through solar energy, rainwater harvesting, double glazing, insulated construction, water-efficient systems, recycling facilities, and environmentally conscious wastewater management. Please note: Pets are not permitted. STRA Permit ID: PID-STRA-14970-3",in stock,new,343.00 AUD,https://snowymountainsaccommodation.au/accommodation/ecocrackenback-3-sustainable-chalet-close-to-the-slopes/,https://images.prod.homhero.com.au/1280x0/e5bd5c43-aca3-4f3c-9364-d9c5044c6255/listing/53/f883f311-5ed7-0701-1076-4fe02e062517.jpg,Snowy Mountains Accommodation,,,999,,,,,,,,,,,,,,,,,holiday_rental,CRACKENBACK,"{'name': 'Holiday House', 'slug': 'holiday-house', 'type': 'property_type'}"
121,Ecocrackenback Luxe Chalet 8 - Accessible Accommodation,"Rates from AU$343 per night. Final price depends on dates, guests and availability. Experience elevated alpine living at Ecocrackenback in this thoughtfully designed deluxe accessible chalet. Nestled amongst native snow gums along the Alpine Way, Chalet 8 combines premium comfort, sustainable alpine design, and wheelchair-accessible features to create a welcoming Snowy Mountains escape for a wider range of guests. Architecturally designed with both comfort and practicality in mind, the chalet features step-free access, spacious open-plan living, accessible bathroom facilities, and easy movement throughout the property. Large floor-to-ceiling windows, soaring raked ceilings, heated polished concrete floors, and a clean-heat ethanol fireplace create a warm and relaxing alpine atmosphere year-round. Enhanced furnishings, upgraded styling, and carefully considered inclusions provide a more refined guest experience while still embracing the natural beauty and peaceful surroundings of Crackenback Valley. Relax on the private deck with Weber BBQ and outdoor dining while enjoying the tranquil bush setting and local wildlife. Conveniently located: • 10 minutes to Jindabyne • 10 minutes to the Ski Tube for Perisher access • 20 minutes to Thredbo Features include: • Wheelchair-accessible design and step-free entry • Spacious open-plan layout • Accessible bathroom facilities • Premium upgraded furnishings & styling • Heated polished concrete flooring • Ethanol fireplace • Large private deck with Weber BBQ • Smart TV & WiFi • Fully equipped kitchen facilities • Heated drying rack for snow gear • Access to communal laundry facilities Ecocrackenback embraces sustainable living through solar energy, rainwater harvesting, double glazing, insulated construction, water-efficient systems, recycling facilities, and environmentally conscious wastewater management. Please note: Pets are not permitted. STRA Permit ID: PID-STRA-58334",in stock,new,343.00 AUD,https://snowymountainsaccommodation.au/accommodation/ecocrackenback-8/,https://images.prod.homhero.com.au/1280x0/e5bd5c43-aca3-4f3c-9364-d9c5044c6255/listing/121/564d03d0-b0c3-e225-db69-c8a8919c4a68.jpg,Snowy Mountains Accommodation,,,999,,,,,,,,,,,,,,,,,holiday_rental,Crackenback,"{'name': 'Holiday House', 'slug': 'holiday-house', 'type': 'property_type'}"
40,Eliza Lee 3,"Rates from AU$369 per night. Final price depends on dates, guests and availability. Welcome to Eliza Lee 3! Eliza Lee 3 is a spacious and comfortable self-contained apartment that is perfect for families and groups of friends. With three generously sized bedrooms, two bathrooms, and an open plan living area, this property offers ample space for everyone. The living area is bright and airy, with a fully equipped kitchen, dining area, and comfortable lounge area. The newly installed reverse cycle air conditioning ensures guests are comfortable all year round, while the large double lock-up garage with a spacious drying room and laundry is perfect for storing all your gear during your stay. Please note that the garage height is max: 200cm and the driveway is quite steep. With its perfect location, Eliza Lee is an ideal base for any alpine experience, whether it's during the winter or summer months. During the summer months, guests can enjoy water sports on Lake Jindabyne, trout fishing, horse riding, and mountain biking, as well as close proximity to some of the highest hiking trails in Australia. Meanwhile, during the winter, guests can enjoy easy access to some of the best skiing and snow-play activities in the Snowy Mountains, with Perisher and Thredbo resorts just a 30-minute drive away. With its prime location and comfortable amenities, Eliza Lee 3 is the perfect choice for families and friends looking for a comfortable and enjoyable stay in the Snowy Mountains. This property is 'Not Pet Friendly' STRA Permit ID: PID-STRA-5073-3",in stock,new,369.00 AUD,https://snowymountainsaccommodation.au/accommodation/eliza-lee-3-air-conditioned-comfort/,https://images.prod.homhero.com.au/1280x0/e5bd5c43-aca3-4f3c-9364-d9c5044c6255/listing/40/b9175c3c-a9c8-2531-3ebb-221f6bf84fe3.jpg,Snowy Mountains Accommodation,,,999,,,,,,,,,,,,,,,,,holiday_rental,JINDABYNE,"{'name': 'Holiday Apartment', 'slug': 'holiday-apartment', 'type': 'property_type'}"
151,Frost Garden Retreat,"Rates from AU$465 per night. Final price depends on dates, guests and availability. Welcome to Frost Garden Retreat, a comfortable split-level apartment conveniently located close to the heart of Jindabyne and all the Snowy Mountains region has to offer. Set across two levels, the apartment features an open-plan kitchen, dining, and living area designed for easy and relaxed stays after a day exploring the region. All three bedrooms are generously sized and include built-in wardrobes, giving everyone space to settle in comfortably. Two bathrooms, a separate laundry, and undercover parking for two vehicles add practicality for families, groups, or longer stays. Whether you're visiting for snow season, mountain biking, lake adventures, or a relaxing alpine getaway, this fully furnished apartment places you within easy reach of Jindabyne’s shops, restaurants, lakefront, and year-round attractions. Features: • Three spacious bedrooms with built-in wardrobes • Open-plan kitchen, dining & living area • Private balcony • Two bathrooms + separate laundry • Two undercover car spaces STRA Permit ID: PID-STRA-92145",in stock,new,465.00 AUD,https://snowymountainsaccommodation.au/accommodation/kirwan-gardens-7/,https://images.prod.homhero.com.au/1280x0/e5bd5c43-aca3-4f3c-9364-d9c5044c6255/listing/151/cbcb5856-72d7-6b36-f57a-e7183530f6c3.jpg,Snowy Mountains Accommodation,,,999,,,,,,,,,,,,,,,,,holiday_rental,Jindabyne,"{'name': 'Holiday Apartment', 'slug': 'holiday-apartment', 'type': 'property_type'}"
153,Gables 8,"Rates from AU$305 per night. Final price depends on dates, guests and availability. Welcome to Gables 8, a modern loft-style apartment conveniently located in the heart of Jindabyne. Positioned within the Alpine Gables complex, the apartment is directly across the road from Nuggets Crossing Shopping Centre, restaurants, cafés, bars, and just a short stroll to Lake Jindabyne. Recently renovated, the apartment offers comfortable and practical accommodation for couples, families, or small groups looking for an easy Snowy Mountains getaway. The loft-style layout features open-plan living with a modern kitchenette equipped with a mini fridge, microwave, air fryer oven, portable double hotplate, and everything needed for simple holiday meals. There is also a BBQ outside for guest use. The apartment includes a contemporary bathroom, comfortable living space, and modern furnishings throughout. Guests also have access to shared complex facilities including a gym, sauna, onsite parking and communal laundry with paid washing machines and dryers located within the building. One of the highlights of the location is the Brumby Bar & Grill, conveniently located within the same complex — perfect for dinner or a drink after a day exploring the Snowy Mountains. Whether you are visiting for skiing, mountain biking, hiking, fishing, or simply relaxing by the lake, Gables 8 provides a central and convenient base for your stay. STRA Permit ID: PID-STRA-89496",in stock,new,305.00 AUD,https://snowymountainsaccommodation.au/accommodation/alpine-gables-8/,https://images.prod.homhero.com.au/1280x0/e5bd5c43-aca3-4f3c-9364-d9c5044c6255/listing/153/a3c9bc73-8fcd-5851-fdf1-d353d08edd11.jpg,Snowy Mountains Accommodation,,,999,,,,,,,,,,,,,,,,,holiday_rental,Jindabyne,"{'name': 'Holiday Apartment', 'slug': 'holiday-apartment', 'type': 'property_type'}"
64,Grey Kangaroo,"Rates from AU$360 per night. Final price depends on dates, guests and availability. Welcome to Grey Kangaroo! Grey Kangaroo is the perfect PET FRIENDLY property for families and friends looking for an alpine experience in the Snowy Mountains. With direct access to Lake Jindabyne and the surrounding foreshore, this property is ideal for furry friends to enjoy the fresh mountain air. The property boasts a spacious deck with a BBQ and outdoor table that is fully fenced to ensure the safety and security of your pets. The deck also affords wonderful views over Lake Jindabyne, making it the perfect spot to enjoy a meal with family and friends. Grey Kangaroo is centrally located and comprises of two bedrooms, two bathrooms, a spacious lounge/dining area, a fully equipped kitchen, internal laundry, Wi-Fi (connected to NBN), and off-street parking. The property also has a workroom that is perfect for ski/board storage and tuning during winter or a secure area for bikes, water skis, and kayaks during summer. The property is equipped with ducted heating and cooling, ensuring a comfortable stay in the Snowy Mountains. Guests can enjoy activities such as walks along the lake, fishing, water sports, and mountain biking throughout summer. Alternatively, it is a mere 30 minutes to the ski resorts of Perisher and Thredbo to enjoy skiing, snowboarding, snow-play, and back-country adventures throughout the winter months. Grey Kangaroo is a fantastic base for either a summer escape or a winter adventure in the Snowy Mountains. The carport clearance is 213cm, so please take note if you're driving a larger vehicle. STRA Permit ID: PID-STRA-41644",in stock,new,360.00 AUD,https://snowymountainsaccommodation.au/accommodation/grey-kangaroo-on-lake-jindabyne-foreshore/,https://images.prod.homhero.com.au/1280x0/e5bd5c43-aca3-4f3c-9364-d9c5044c6255/listing/64/ddadfe49-8775-73c6-5205-203be89d1b4c.jpg,Snowy Mountains Accommodation,,,999,,,,,,,,,,,,,,,,,holiday_rental,Jindabyne,"{'name': 'Holiday Apartment', 'slug': 'holiday-apartment', 'type': 'property_type'}"
60,Horizons 216,"Rates from AU$240 per night. Final price depends on dates, guests and availability. Welcome to Horizons 216 — your lakeside escape in the heart of Jindabyne. Perfectly positioned for comfort, convenience, and breathtaking scenery, this deluxe studio apartment is an ideal base for your next Jindabyne escape. Whether you're chasing powder in winter or enjoying lakeside adventures in the warmer months, this well-appointed retreat has everything you need for a relaxing stay. Designed to accommodate up to four guests, the apartment features a cosy bedroom alcove alongside a high-quality Koala sofa bed in the open-plan living area—perfect for ensuring a restful night’s sleep for everyone. The fully equipped kitchen, complete with a dishwasher, makes self-catering easy, while the bathroom includes laundry facilities for added convenience. Reverse-cycle air conditioning keeps the space comfortable year-round, so you can unwind in any season. Step out onto the north-facing balcony and soak up sweeping views across Lake Jindabyne and the surrounding mountains—the perfect spot for your morning coffee or a glass of wine at sunset. Guests can leave the car in the undercover parking and enjoy a short stroll to local shops, cafes, restaurants, and entertainment. The Horizons complex also offers fantastic shared amenities, including an indoor heated pool, tennis court, on-site restaurant, and bar—ideal for both relaxation and recreation during your stay. Please note that stair access is required to enter the apartment, and Wi-Fi is not available at this property. Proudly managed by Snowy Mountains Accommodation, Horizons 216 offers a seamless blend of comfort, location, and alpine charm. STRA Permit ID: PID-STRA-42713",in stock,new,240.00 AUD,https://snowymountainsaccommodation.au/accommodation/horizons-216-lake-jindabyne-waterfront/,https://images.prod.homhero.com.au/1280x0/e5bd5c43-aca3-4f3c-9364-d9c5044c6255/listing/60/08c87b41-3e77-ad7c-76b8-08d8dc923731.jpg,Snowy Mountains Accommodation,,,999,,,,,,,,,,,,,,,,,holiday_rental,Jindabyne,"{'name': 'Holiday Apartment', 'slug': 'holiday-apartment', 'type': 'property_type'}"
131,Horizons 306,"Rates from AU$256 per night. Final price depends on dates, guests and availability. Welcome to Horizons 306! — your lakeside escape in the heart of Jindabyne. Perfectly positioned for comfort, convenience, and breath taking scenery, this deluxe studio apartment is an ideal base for your next Jindabyne escape. Whether you're chasing powder on the slopes or soaking up lake views in the sunshine, this well-appointed retreat has everything you need for a relaxing stay. Designed to accommodate up to four guests, the apartment features a cosy bedroom alcove and a high-quality Koala sofa bed, ensuring everyone gets a restful night's sleep. The fully equipped kitchen, complete with a dishwasher, makes self-catering a breeze, while the bathroom includes laundry facilities for added convenience. Reverse-cycle air conditioning keeps the space comfortable year-round, thoughtful touches such as a heated towel rail and boot and glove warmer provide welcome warmth after a day in the snow. Step out onto the north-facing balcony and take in sweeping views of the lake and surrounding mountains. It’s the perfect spot for a morning coffee or a well-earned glass of wine at sunset after a day exploring the region. Guests can leave the car in the undercover parking and enjoy a short stroll to nearby shops, restaurants, and entertainment venues. The apartment is located within a well-equipped complex offering excellent shared amenities, including an indoor heated pool, tennis court, restaurant, and bar—adding to the ease and enjoyment of your stay. Please note that stair access is required to enter the apartment. Proudly managed by Snowy Mountains Accommodation, this deluxe studio offers the perfect combination of comfort, location, and views. Book your stay today and experience the beauty of Jindabyne from the best seat in the house. STRA Permit ID: PID-STRA-51189",in stock,new,256.00 AUD,https://snowymountainsaccommodation.au/accommodation/horizons-306/,https://images.prod.homhero.com.au/1280x0/e5bd5c43-aca3-4f3c-9364-d9c5044c6255/listing/131/2d126e64-ae77-fa53-c9ba-e356a0c47e8f.jpg,Snowy Mountains Accommodation,,,999,,,,,,,,,,,,,,,,,holiday_rental,Jindabyne,"{'name': 'Holiday Apartment', 'slug': 'holiday-apartment', 'type': 'property_type'}"
61,Horizons 414,"Rates from AU$240 per night. Final price depends on dates, guests and availability. Welcome to Horizons 414 — a relaxed lakeside retreat in the heart of Jindabyne. Perfectly positioned to enjoy the very best of the Snowy Mountains, this deluxe studio apartment offers comfort, convenience, and stunning alpine scenery all year round. Whether you're planning a winter snow trip or a summer escape by the lake, Horizons 414 provides the ideal base to relax and recharge. Designed to comfortably accommodate up to three guests, the apartment features a cosy bedroom alcove alongside an open-plan living space with a sofa bed, offering flexible accommodation for couples, small families, or friends travelling together. The fully equipped kitchen includes a dishwasher for easy self-catering, while the bathroom also incorporates laundry facilities for added convenience during longer stays. Complimentary Wi-Fi keeps you connected throughout your visit. One of the highlights of the apartment is the private north-facing balcony, where you can take in sweeping views across Lake Jindabyne and the surrounding mountains. It’s the perfect spot to enjoy your morning coffee, soak up the afternoon sun, or unwind after a day exploring the region. Guests also have access to the Horizons complex facilities, including an indoor heated pool, tennis court, restaurant, and bar—making it easy to enjoy your stay without even leaving the property. With undercover parking included and Jindabyne’s shops, cafés, restaurants, and lakefront walking paths just a short stroll away, everything you need is right at your doorstep. Please note that stair access is required to enter the apartment. Proudly managed by Snowy Mountains Accommodation, Horizons 414 offers a comfortable and convenient alpine escape with beautiful lake and mountain views to match. STRA Permit ID: PID-STRA-50806",in stock,new,240.00 AUD,https://snowymountainsaccommodation.au/accommodation/horizons-414-lake-jindabyne-waterfront/,https://images.prod.homhero.com.au/1280x0/e5bd5c43-aca3-4f3c-9364-d9c5044c6255/listing/61/86f751c4-c468-b5a6-ea94-e026ea918d89.jpg,Snowy Mountains Accommodation,,,999,,,,,,,,,,,,,,,,,holiday_rental,Jindabyne,"{'name': 'Holiday Apartment', 'slug': 'holiday-apartment', 'type': 'property_type'}"
145,Ibis on Lake Jindabyne,"Rates from AU$370 per night. Final price depends on dates, guests and availability. Welcome to Ibis! This beautifully appointed lakeside retreat offers direct access to Lake Jindabyne and its scenic foreshore. Positioned to capture a stunning northerly aspect, the large deck showcases panoramic views of the lake and mountains—perfect for morning coffees, sunset drinks, or simply soaking in the serenity. This centrally located three-bedroom, two-bathroom apartment is ideal for families and groups seeking a balance of adventure and relaxation. The spacious open-plan lounge, dining, and kitchen area features a charming retro design with well-maintained original features, gas fireplace, creating a warm and welcoming atmosphere. Whether you’re visiting in summer or winter, Ibis is a fantastic base for all your mountain adventures. In the warmer months, enjoy watersports, fishing, lakeside walks, or explore nearby mountain biking trails. In winter, you're just 30 minutes from the ski resorts of Perisher and Thredbo—making skiing, snowboarding, and snow-play easily accessible. Located central to the towns amenities, Ibis is just a short stroll from Nuggets Crossing Shopping Centre and the Town Centre shops, where you’ll find a great selection of cafés, restaurants, and retail stores. Just a stones throw way, the local pub offers hearty meals, live music, and stunning lake views—perfect for a relaxed night out. Designed for year-round comfort, Ibis features ducted reverse-cycle heating and cooling, plus a cosy gas fireplace for those chilly alpine evenings. The property also includes a dedicated drying/storage room—perfect for tuning skis, storing boards, or securing bikes—as well as off-street parking for one car. (NOTE-The carport clearance is 213cm, so please take note if you're driving a larger vehicle). Whether you're chasing snowy peaks or sunny lake days, Ibis is your perfect home away from home in the Snowy Mountains. STRA Permit ID: PID-STRA-67297",in stock,new,370.00 AUD,https://snowymountainsaccommodation.au/accommodation/ibis/,https://images.prod.homhero.com.au/1280x0/e5bd5c43-aca3-4f3c-9364-d9c5044c6255/listing/145/f2b38aed-f837-7511-6f44-06f4220ac4c1.jpg,Snowy Mountains Accommodation,,,999,,,,,,,,,,,,,,,,,holiday_rental,Jindabyne,"{'name': 'Holiday Apartment', 'slug': 'holiday-apartment', 'type': 'property_type'}"
122,Jasper 4,"Rates from AU$373 per night. Final price depends on dates, guests and availability. Welcome to Jasper 4! Jasper 4 is a well-appointed three-bedroom, 2-bathroom unit located in the heart of the Jindabyne town centre that has ample space for up to 6 people. Jasper 4 features a large open plan living area that is filled with natural light thanks to the large windows that offer stunning views of Lake Jindabyne. A balcony off the living area is a great spot to watch the world go by without leaving your accommodation. The living space has a large dining table big enough to fit the whole group and the wall mounted reverse cycle Air Conditioner will keep you comfortable all year round. The fully equipped kitchen has an electric oven and cooktop with microwave, dishwasher, and coffee machine and all the kitchen essentials you need. Jasper 4 has two bathrooms, both with shower vanity and toilets that service the three bedrooms with Bedroom 1 and 2 on the entry lower level that utilise the jack and jill style bathroom and Bedroom 3 on the upper level which is serviced by the smaller upstairs bathroom. A full laundry is provided with washer and dryer and drying rack for the ski clothes or bike gear and a small outdoor space is conveniently provided for your extra storage needs. Please note there is no allocated parking for Jasper 4 and the unit is located above the town centre precinct and is accessed via two large flights of stairs Bedding Configuration is: Bedroom 1 - King Bed Bedroom 2 - 2 x Single Beds Bedroom 3 – King Bed This property is 'Not Pet Friendly' STRA Permit ID: PID-STRA-36396",in stock,new,373.00 AUD,https://snowymountainsaccommodation.au/accommodation/jasper-4/,https://images.prod.homhero.com.au/1280x0/e5bd5c43-aca3-4f3c-9364-d9c5044c6255/listing/122/6b3a2875-07eb-71c0-f8c6-d6f274cdb860.jpg,Snowy Mountains Accommodation,,,999,,,,,,,,,,,,,,,,,holiday_rental,Jindabyne,"{'name': 'Jindabyne', 'slug': 'jindabyne', 'type': 'location'}"
114,Jillamatong 14,"Rates from AU$377 per night. Final price depends on dates, guests and availability. Welcome to Jillamatong 14! Jillamatong 14 is a well presented 3 bedroom, 2 bathroom holiday rental that is Pet friendly with a fully fenced yard and undercover areas sure to keep the 4 legged members of the family happy! With ample undercover storage and plenty of space to park the boat and leave the bikes, this property has all the outside space that some holiday properties may not offer and will make a family holiday that little bit easier for everyone. Inside this two-story home, you walk into the open plan Kitchen, dining and lounge area. The fully appointed kitchen has a dishwasher, microwave , electric oven with Gas cook top , side by side fridge and freezer and a Pod Coffee machine.The dining area has a modern dining setting with buffet and seating for 7 . The lounge area has a comfortable 3 seat lounge and matching single seat recliners. The large flat screen Smart TV will satisfy the whole family and the Reverse cycle air conditioner provides a comfortable room temperature regardless of the outside weather. The living area leads out to the fenced yard with undercover deck and outdoor setting with a 4 burner flat top gas BBQ. The downstairs bedrooms and full family bathroom are also located on the ground level. Bedroom 1 has a queen size bed and built in Robe and Bedroom 2 has a Single bed and a fold up trundle bed as shown in photos. The family bathroom consists of a shower, vanity and toilet. At the base of the stairs there is a Laundry with a combined washing machine/ dryer with access door straight to the washing line. Stairs lead up to the open landing living area with a lounge, TV and study desk. The upstairs balcony is the perfect spot to catch the mountain views on the 2 seat outdoor setting. The master bedroom is an open plan suite with a king size bed and built in robe and the bathroom sits behind the half wall with a shower vanity, jetted tub and a separate toilet. Jillamatong 14 is a pet friendly, spacious family home both inside and out! With WiFi and Air Conditioning , two living areas inside and loads of undercover space outside we look forward to welcoming you to our home away from home! Sustainability practices include: Rainwater collected, recycling bins provided, taps and showers are water-efficient, towel reuse in place, walls and ceilings insulated, green spaces on property STRA Permit ID: PID-STRA-14941",in stock,new,377.00 AUD,https://snowymountainsaccommodation.au/accommodation/jillamatong-14/,https://images.prod.homhero.com.au/1280x0/e5bd5c43-aca3-4f3c-9364-d9c5044c6255/listing/114/368999a7-9169-2afe-7776-0b75245b37b2.jpg,Snowy Mountains Accommodation,,,999,,,,,,,,,,,,,,,,,holiday_rental,Jindabyne,"{'name': 'Jindabyne', 'slug': 'jindabyne', 'type': 'location'}"
65,Khione 1,"Rates from AU$485 per night. Final price depends on dates, guests and availability. Welcome to Khione 1 — a spacious and stylish alpine townhouse designed for unforgettable Snowy Mountains stays with family and friends. Set across two generous levels, this modern three-bedroom, three-bathroom retreat comfortably accommodates up to eleven guests, making it the perfect base for large families, multiple couples, or groups travelling together. Upstairs, the light-filled open-plan living area is warm, welcoming, and ideal for entertaining after a day exploring the mountains. The gourmet kitchen is fully equipped with quality appliances including a chef oven, gas cooktop, microwave, dishwasher, and double fridge/freezer, making group meals easy and enjoyable. Flowing seamlessly into the dining and lounge area, the space is designed for relaxed holiday living, complete with gas heating, free Wi-Fi, a 60"" Smart HD TV, and soundbar for cosy nights in. Step out onto the balcony to enjoy the mountain air while cooking on the BBQ or unwinding with a drink after a day on the slopes. The upper level also includes two comfortable bedrooms, including a master with ensuite, as well as a main bathroom featuring a spa bath—perfect for soaking tired muscles after skiing or hiking. A quiet writing nook provides a handy space for remote work or planning the next day’s adventures. Downstairs, the third bedroom is ideal for kids or teenagers, featuring two tri-bunks, its own ensuite, electric heating, and a large 64"" flat-screen TV, creating a separate space to relax and unwind. Additional features include a full laundry with washer and dryer, all bathrooms have underfloor heating, a private courtyard, a dedicated drying room with hanging space for ski gear, a double lock-up garage and internal entry for added convenience during winter stays. Located close to Jindabyne’s town centre and lake foreshore, Khione 1 places you within easy reach of everything the Snowy Mountains are famous for—from skiing and snowboarding, shops, cafes, restaurants, mountain biking, hiking, fishing, and water sports. Comfortable, well-equipped, and thoughtfully designed for groups, Khione 1 offers the perfect alpine escape in every season. STRA Permit ID: PID-STRA-31685",in stock,new,485.00 AUD,https://snowymountainsaccommodation.au/accommodation/khione-1-modern-spacious-with-views-towards-lake-jindabyne-the-mountains-beyond/,https://images.prod.homhero.com.au/1280x0/e5bd5c43-aca3-4f3c-9364-d9c5044c6255/listing/65/f7486ed1-a663-e838-e43a-e74595e1f47c.jpg,Snowy Mountains Accommodation,,,999,,,,,,,,,,,,,,,,,holiday_rental,Jindabyne,"{'name': 'Holiday Apartment', 'slug': 'holiday-apartment', 'type': 'property_type'}"
27,Kickenback Chalet at Crackenback,"Rates from AU$450 per night. Final price depends on dates, guests and availability. Welcome to Kickenback Chalet @ Lake Crackenback Resort! Experience style and unique quality in this spacious two-bedroom chalet while taking in the stunning mountain views through large windows that introduce natural light throughout. Kickenback chalet is thoughtfully created with individually handcrafted pieces of furniture, rich colours, and textures that reflect the stunning alpine region. With disabled access, the chalet's open-plan design features a large lounge area, dining suite, Wifi, fully equipped kitchen, two ensuite bathrooms (one with disabled access), and internal shared laundry. During winter, guests can relax by the gas fireplace after a day on the slopes or during warmer months, enjoy the outdoors and utilize the outdoor area & BBQ. Additionally, there is sensor-operated air-conditioning for year round comfort. The chalet is located in Crackenback Valley, situated on the Alpine Way between Thredbo and Jindabyne, with easy access to the Ski Tube, making getting to Perisher a mere 10-minute train ride. Kickenback Chalet is located within a resort, and guests can take advantage of many activities and on-site dining throughout their stay. Guests have access to restaurants, luxury spa, gym, tennis courts, indoor pool, sauna (please note pool, gym & sauna are closed for renovations from 28th April - 15th May 2026), and other outdoor activities, including golf, trout fishing, and even Segway tours. Please note that some activities may incur costs. Ideal for families or groups of friends, this accommodation is the perfect choice for those looking to enjoy an alpine experience with disabled access and many onsite amenities. If you have a larger family, why not book in conjunction with Kickenback Studio, which is the adjoining studio apartment that sleeps 3 people. Please note: Pets are not allowed. Sustainability practices include: Recycling bins provided, taps and showers are water-efficient, towel reuse in place, walls and ceilings insulated, double glazed windows, green spaces on property, helping create a comfortable and environmentally conscious stay. Kickenback Chalet is the perfect choice for those looking for an immersive alpine experience. With its unique design, spacious accommodations, and access to resort activities, guests can enjoy a comfortable and memorable stay in the heart of the Thredbo Valley. STRA Permit ID: PID-STRA-11829",in stock,new,450.00 AUD,https://snowymountainsaccommodation.au/accommodation/kickenback-chalet-contemporary-chalet-in-the-heart-of-crackenback/,https://images.prod.homhero.com.au/1280x0/e5bd5c43-aca3-4f3c-9364-d9c5044c6255/listing/27/9abd2a00-e2fe-ad8f-fb0a-3e74a60c3876.jpg,Snowy Mountains Accommodation,,,999,,,,,,,,,,,,,,,,,holiday_rental,Crackenback,"{'name': 'Holiday House', 'slug': 'holiday-house', 'type': 'property_type'}"
28,Kickenback Lodge at Crackenback,"Rates from AU$559 per night. Final price depends on dates, guests and availability. Welcome to Kickenback Lodge @ Lake Crackenback Resort! Nestled in the heart of Thredbo Valley at Crackenback, Kickenback Lodge is a unique property that has been thoughtfully designed to provide guests with an unforgettable alpine experience. This property boasts individually handcrafted furniture and large windows that invite natural light and showcase the majestic alpine environment. Ideal for larger families and groups of friends, Kickenback Lodge is a combination of a two-bedroom chalet and an attached studio apartment. With two kitchens, three bathrooms (including one with disabled access), two lounge areas, Wifi, internal laundry, and a large carport, guests can spread out and enjoy their surroundings. During the winter months, guests can cozy up by the gas fireplaces after a day on the slopes, while during the summer months, they can relax and utilize the outdoor undercover BBQ areas (there are two on the property). For added comfort, there is sensor-operated air-conditioning. Kickenback is located in Crackenback Valley, situated on the Alpine Way between Thredbo and Jindabyne, with easy access to the Ski Tube, making getting to Perisher a mere 10-minute train ride. Kickenback Chalet is located within a resort, and guests can take advantage of many activities and on-site dining throughout their stay. Guests have access to restaurants, luxury spa, gym, tennis courts, indoor pool, sauna (please note pool, gym & sauna are closed for renovations from 28th April - 15th May 2026), and other outdoor activities, including golf, trout fishing, and even Segway tours. Please note that some activities may incur costs. Please note: Pets are not allowed. Sustainability practices include: Recycling bins provided, taps and showers are water-efficient, towel reuse in place, walls and ceilings insulated, double glazed windows, green spaces on property, helping create a comfortable and environmentally conscious stay. Kickenback Lodge is the perfect choice for those looking for an immersive alpine experience. With its unique design, spacious accommodations, and access to resort activities, guests can enjoy a comfortable and memorable stay in the heart of the Thredbo Valley. STRA Permit ID: PID-STRA-11829",in stock,new,559.00 AUD,https://snowymountainsaccommodation.au/accommodation/kickenback-lodge-crackenback/,https://images.prod.homhero.com.au/1280x0/e5bd5c43-aca3-4f3c-9364-d9c5044c6255/listing/28/97b8ed38-2865-a39f-91bf-1cf1b769ec52.jpg,Snowy Mountains Accommodation,,,999,,,,,,,,,,,,,,,,,holiday_rental,Crackenback,"{'name': 'Crackenback', 'slug': 'crackenback', 'type': 'location'}"
29,Kickenback Studio at Crackenback,"Rates from AU$280 per night. Final price depends on dates, guests and availability. Welcome to Kickenback Studio @ Lake Crackenback Resort! Escape to the beautiful Thredbo Valley and stay at Kickenback Studio – a modern and stylish holiday rental property that offers unique, handmade furnishings and stunning mountain views. This studio apartment is perfect for couples or small families seeking a comfortable and memorable stay. The open plan lounge area is perfect for relaxation and entertainment, while large windows allow natural light to flood in and showcase the beautiful surroundings. With Wifi, a fully equipped kitchen, and a tasteful bedroom area with a Queen bed and hidden trundle, guests can enjoy all the comforts of home. Additionally, shared laundry facilities are available for added convenience. During the winter months, guests can cozy up by the gas fireplace after a day on the slopes, while during the warmer months, they can enjoy the outdoor, undercover BBQ area and take in the fresh alpine air. For added comfort, there is sensor-operated air-conditioning. Located in Crackenback Valley, situated on the Alpine Way between Thredbo and Jindabyne, with easy access to the Ski Tube, making getting to Perisher a mere 10-minute train ride. Kickenback Chalet is located within a resort, and guests can take advantage of many activities and on-site dining throughout their stay. Guests have access to restaurants, luxury spa, gym, tennis courts, indoor pool, sauna, and other outdoor activities, including golf, trout fishing, and even Segway tours. Please note that some activities may incur costs. Please note: Pets are not allowed. Sustainability practices include: Recycling bins provided, taps and showers are water-efficient, towel reuse in place, walls and ceilings insulated, double glazed windows, green spaces on property, helping create a comfortable and environmentally conscious stay. Kickenback Studio is the perfect choice for those seeking a modern and comfortable alpine experience. With its unique furnishings, stunning mountain views, and access to resort activities, guests can enjoy a memorable stay in the heart of the Thredbo Valley. STRA Permit ID: PID-STRA-11829",in stock,new,280.00 AUD,https://snowymountainsaccommodation.au/accommodation/kickenback-studio-contemporary-accommodation-in-the-heart-of-crackenback/,https://images.prod.homhero.com.au/1280x0/e5bd5c43-aca3-4f3c-9364-d9c5044c6255/listing/29/9bfbaaad-e5a7-2e82-ec0e-17bce6be64c8.jpg,Snowy Mountains Accommodation,,,999,,,,,,,,,,,,,,,,,holiday_rental,Crackenback,"{'name': 'Holiday Apartment', 'slug': 'holiday-apartment', 'type': 'property_type'}"
124,Kooringa 4,"Rates from AU$345 per night. Final price depends on dates, guests and availability. Welcome to Kooringa 4 — a stylish lakeside apartment with sweeping views across Lake Jindabyne. Perfectly positioned in the heart of Jindabyne, this beautifully presented north-facing two-bedroom, two-bathroom apartment combines modern comfort with an enviable location. Just a short stroll from the town centre, cafés, restaurants, shops and lake foreshore, it’s an ideal base for discovering the Snowy Mountains in every season. Step inside to a bright and welcoming open-plan living, dining and kitchen area, recently updated with a fresh, contemporary feel. Reverse-cycle air conditioning keeps the space comfortable year-round, while large sliding glass doors open onto a private tiled balcony where the spectacular lake views take centre stage. Start the day with coffee overlooking the water, or fire up the Weber BBQ in the evening and gather around the outdoor gas heater as the sun sets over the mountains. The balcony is made for slow mornings, relaxed meals and enjoying the beauty of the Snowy Mountains from home, whatever the season. Both bedrooms are thoughtfully appointed, with the master featuring a queen bed and private ensuite, while the second bedroom offers a double bed. Built-in robes and direct balcony access from both bedrooms add to the sense of space and convenience. A separate laundry and storage area with washing machine, dryer and a dedicated heater provides the perfect space to dry ski clothing and outdoor gear after your adventures. Allocated parking includes one undercover space and an additional open space. Kooringa 4 is perfectly placed for year-round adventures. In winter, enjoy skiing, snowboarding and snow play at Perisher and Thredbo, while the warmer months invite hiking, mountain biking, fishing, water activities and scenic exploration around Lake Jindabyne and the Snowy Mountains. Whether you're visiting for mountain adventures or simply looking for somewhere peaceful to enjoy the lake views, Kooringa 4 offers a comfortable and stylish home base in the heart of Jindabyne. STRA Permit ID: PID-STRA-36806",in stock,new,345.00 AUD,https://snowymountainsaccommodation.au/accommodation/kooringa-4/,https://images.prod.homhero.com.au/1280x0/e5bd5c43-aca3-4f3c-9364-d9c5044c6255/listing/124/e5d2aa10-3f80-0bbc-c09d-a632293d3b22.jpg,Snowy Mountains Accommodation,,,999,,,,,,,,,,,,,,,,,holiday_rental,Jindabyne,"{'name': 'Holiday Apartment', 'slug': 'holiday-apartment', 'type': 'property_type'}"
120,Lake Villavista,"Rates from AU$605 per night. Final price depends on dates, guests and availability. Welcome to Lake Villavista — a luxurious lakeside retreat in East Jindabyne! Immerse yourself in the ultimate holiday getaway at Lake Villavista, a serene and stunning holiday townhouse tucked away in the charming locale of East Jindabyne. Boasting unmatched views of the pristine lake and majestic mountains, this holiday home is a haven for nature enthusiasts, adventure seekers and anyone longing for a tranquil retreat. This delightfully inviting property can comfortably accommodate up to 10 guests, making it the perfect escape for families and large groups. At this luxe property, spectacular views of Lake Jindabyne and the mountains adorn your horizon, providing a tranquil setting that soothes and inspires. Whether you're admiring the vista from the balcony, lounging in the living room, or whipping up a meal in the well-equipped kitchen, the sight of nature's grandeur never fails to mesmerise. Enjoy the coziness of four well-appointed bedrooms in this spacious home. Retreat to the sanctuary of your room, each offering plush bedding designed to provide you with a comfortable sleep. Three and a half elegant bathrooms are ready to wash away the day's fun, with one featuring a bathtub for a comforting soak. Laundry facilities, including a clothes dryer and washing machine, ensure that staying fresh throughout your holiday is hassle-free. Immerse yourself in the heart of this stunning home, where a refined chesterfield seating ensemble nestled by a gas fireplace awaits, offering an inviting atmosphere for cozy evening gatherings. Create gastronomic delights in the fully equipped kitchen boasting premium appliances, and enjoy your home-cooked meal in the spacious dining room, complete with stunning views. Step outside to the covered outdoor area which includes a gas BBQ, ready for family cook-outs amidst the striking landscape. Enjoy the comfortable outdoor lounge where you can soak in breathtaking vistas with your morning coffee. For moments of leisure, retire to the dedicated media room or enjoy the convenience of a separate wine bar in the kitchen area. Experience the ultimate comfort with amenities such as ducted air-conditioning and underfloor heating in the bathrooms. Additional features include a secure double lock-up garage with direct interior entry, a drying room for snow gear and a paddle board for guest enjoyment on the lake in Summer. There is a secure fenced rear-yard and undercover area, sure to keep the 4 legged members of the family happy! Nestled beside the waters edge and a stone's throw away from diverse local attractions, Lake Villavista promises an enchanting holiday experience. Unwind, recharge, and create unforgettable memories. Pets are welcome, making Lake Villavista an ideal choice for families travelling with four-legged companions. Sustainability has also been thoughtfully considered, with rainwater collection, recycling facilities, water-efficient fittings, towel reuse, insulation, double glazing and green spaces. STRA Permit ID: PID-STRA-33749",in stock,new,605.00 AUD,https://snowymountainsaccommodation.au/accommodation/22a-old-kosciuszko-road/,https://images.prod.homhero.com.au/1280x0/e5bd5c43-aca3-4f3c-9364-d9c5044c6255/listing/120/f6280627-d284-1df3-d09a-7f34c88dcc1d.jpg,Snowy Mountains Accommodation,,,999,,,,,,,,,,,,,,,,,holiday_rental,East Jindabyne,"{'name': 'Holiday Townhouse', 'slug': 'holiday-townhouse', 'type': 'property_type'}"
69,Lakeside Townhouse,"Rates from AU$314 per night. Final price depends on dates, guests and availability. Welcome to Lakeside Townhouse! Your perfect year-round getaway in the Snowy Mountains. This cosy two-bedroom accommodation is ideal for families or two couples looking for a peaceful setting with easy access to the lake. The open plan kitchen/dining/living area leads out to a balcony where you can sit back and take in the beautiful views. The kitchen is well-equipped with a dishwasher, double sink, coffee machine and fridge. Although there is no oven, the 4 burner cooktop and convection microwave is ample for cooking. The floor heating in the kitchen and bathroom, as well as electric heating in the bedrooms and living area, will keep you warm and comfortable during your stay. There is a large separate laundry located downstairs that incorporates drying room facilities with plenty of hanging space, a bench for boots and ski/board racks during winter or water ski and biking equipment during summer. Set beside the waterfront reserve, enjoy easy access to scenic foreshore walks / bike tracks, fishing, water sports and mountain biking throughout the Snowy Mountains summer. In winter, Perisher and Thredbo are just 30 minutes away, making it an ideal base for enjoying the region in every season. With its peaceful setting and convenient location, Lakeside Townhouse is the perfect base for your next Snowy Mountains adventure. Please note that Wifi is not available at this property and no pets allowed. STRA Permit ID: PID-STRA-5251-1",in stock,new,314.00 AUD,https://snowymountainsaccommodation.au/accommodation/lakeside-townhouse-jindabyne/,https://images.prod.homhero.com.au/1280x0/e5bd5c43-aca3-4f3c-9364-d9c5044c6255/listing/69/f6a932f7-0602-3794-1978-381595913c21.jpg,Snowy Mountains Accommodation,,,999,,,,,,,,,,,,,,,,,holiday_rental,JINDABYNE,"{'name': 'Jindabyne', 'slug': 'jindabyne', 'type': 'location'}"
6,Les Perrieres Chalet at Crackenback,"Rates from AU$480 per night. Final price depends on dates, guests and availability. Welcome to Les Perrieres Chalet! Les Perrieres Chalet is a family home which is now available for you and your family to share! . This impressive split-level chalet can now be your own holiday retreat in the Snowy Mountains. With woodland views from every room Le Perrieres will make you feel like you are in a secluded sanctuary away from the hustle and bustle. Take in the eclectic artwork throughout this stunning home which encompasses art pieces from canvas, wood, pottery and the impressive outdoor metal sculptures which will make your friends envious when they see your photos. This spacious Chalet offers fantastic views of Thredbo Valley from the open plan kitchen and living through to the balcony which offers a large outdoor dining area, BBQ and stunning metal eagle perching on the balconies edge. The Chef in the family need not be excluded from the group with a well equipped large entertainers kitchen that features an induction cooktop, full oven, microwave, large family size fridge & freezer and Pod coffee machine. Soak in the panoramic mountain views during all seasons and in the winter months enjoy the open fireplace in the living area, which will keep you toasty and warm. There are electric wall heaters in the bedrooms and second living area. For the warmer months there is ducted air conditioning in the living area to keep you cool. The upper bedroom wing includes the master bedroom with king bed, second bedroom with two single beds, extra living room/ study with TV that also accommodates the double sofa bed and the bathroom which offers a shower, bath & toilet. The ground floor of the chalet has access to a double garage and leading off this is the drying room, laundry and communal foyer (note laundry is shared with the studio). Located within walking distance to resort facilities, guests can take advantage of many activities and on-site dining throughout their stay. Guests have access to restaurants, luxury spa, gym, tennis courts, indoor pool, sauna and other outdoor activities including golf, trout fishing and even Segway tours. Please note some activities may incur costs. Crackenback is situated along the Alpine Way between Thredbo and Jindabyne. Easy access to the Ski Tube close by makes getting to Perisher a mere 10 minute train ride in winter. If you have a larger family, why not book in conjunction with Les Perrieres Studio, which is the adjoining studio apartment that sleeps 2 people. Please note: Pets are not allowed. Sustainability practices include: Recycling bins provided, taps and showers are water-efficient, towel reuse in place, walls and ceilings insulated, double glazed windows, green spaces on property, helping create a comfortable and environmentally conscious stay. STRA Permit ID: PID-STRA-11840",in stock,new,480.00 AUD,https://snowymountainsaccommodation.au/accommodation/les-perrieres-chalet/,https://images.prod.homhero.com.au/1280x0/e5bd5c43-aca3-4f3c-9364-d9c5044c6255/listing/6/a54cc3f0-e606-4b0a-aee2-55b7b866048f.jpg,Snowy Mountains Accommodation,,,999,,,,,,,,,,,,,,,,,holiday_rental,Crackenback,"{'name': 'Holiday House', 'slug': 'holiday-house', 'type': 'property_type'}"
7,Les Perrieres Lodge at Crackenback,"Rates from AU$610 per night. Final price depends on dates, guests and availability. Les Perrieres Lodge is a spacious alpine home designed for families and groups who want to holiday together—without giving up their own space. Combining a chalet and self-contained studio, it’s the perfect setup for larger groups seeking both connection and privacy. Set across multiple levels, the heart of the home is the mid-level open-plan living, dining, and kitchen area, where large windows and a generous deck frame sweeping views up the Thredbo Valley. Whether you're sharing meals or relaxing together, this space is designed to bring everyone together. The entertainer’s kitchen ensures the cook is always part of the action, featuring an induction cooktop, full oven, microwave, large fridge and freezer, and a pod coffee machine for easy mornings. In winter, gather around the open fireplace and enjoy the cosy alpine atmosphere. During the warmer months, ducted air conditioning keeps the living space cool, while electric wall heaters provide comfort in all bedrooms year-round. The upper level hosts the main sleeping quarters, including a master bedroom with a king bed, a second bedroom with two single beds, and a central bathroom with shower, bath, and toilet. A second living area with TV also offers a sofa bed—ideal for additional guests or a separate retreat for kids. On the ground floor, guests have access to a double garage, along with a convenient drying room, laundry, and entry foyer—perfect for storing and drying ski gear after a day on the slopes. The self-contained studio adds an extra layer of flexibility, featuring a king bed, lounge area, ensuite, and kitchenette with bar fridge, microwave, single cooktop, and pod coffee machine—ideal for couples or those wanting a little extra privacy. Located in Crackenback along the Alpine Way between Thredbo and Jindabyne, the lodge is perfectly positioned for year-round adventure. The nearby Ski Tube provides quick and easy access to Perisher in just 10 minutes. Guests can also enjoy access to a range of premium on-site facilities, including restaurants, a day spa, gym, tennis courts, indoor pool, and sauna. Outdoor activities include golf, trout fishing, and Segway tours (additional charges may apply). Please note: Pets are not allowed. Sustainability practices include: Recycling bins provided, taps and showers are water-efficient, towel reuse in place, walls and ceilings insulated, double glazed windows, green spaces on property, helping create a comfortable and environmentally conscious stay. STRA Permit ID: PID-STRA-11840",in stock,new,610.00 AUD,https://snowymountainsaccommodation.au/accommodation/les-perrieres-lodge/,https://images.prod.homhero.com.au/1280x0/e5bd5c43-aca3-4f3c-9364-d9c5044c6255/listing/7/b6045b5b-359c-400a-b6e5-00760375f2c7.jpg,Snowy Mountains Accommodation,,,999,,,,,,,,,,,,,,,,,holiday_rental,Crackenback,"{'name': 'Crackenback', 'slug': 'crackenback', 'type': 'location'}"
8,Les Perrieres Studio at Crackenback,"Rates from AU$282 per night. Final price depends on dates, guests and availability. Welcome to Les Perrieres Studio! Les Perrieres Studio is a stylish studio and close to resort facilities. With easy access from the front entry this cozy studio boasts a well equipped kitchenette, spacious bathroom and plenty of hanging space for all your gear. Perfect for couples, this open plan studio offers a king bed, lounge area with TV ( LCR pay-tv channels provided), spacious ensuite bathroom and kitchenette with bar fridge, microwave, single induction cooktop & pod coffee machine. This studio has a storage cupboard in the communal foyer with underfloor heating for your winter clothing and shares the laundry facilities with the attached Chalet. Mountain Biking trails are at your back door and walking tracks meander through the surrounding area and National Park. Guests have access to restaurants, luxury spa, gym, tennis courts, indoor pool, sauna and other outdoor activities including golf, trout fishing and even Segway tours. Please note some activities may incur costs. Pets not allowed. There is on street parking available adjacent to the Studio. If you have family or friends who would like to travel with you why not book in conjunction with Les Perrieres Chalet, which is the adjoining Chalet that sleeps 6 people. Crackenback is situated on the Alpine Way between Thredbo and Jindabyne, with easy access to the Ski Tube close by that makes getting to Perisher a mere 10 minute train ride. Please note: Pets are not allowed. Sustainability practices include: Recycling bins provided, taps and showers are water-efficient, towel reuse in place, walls and ceilings insulated, double glazed windows, green spaces on property, helping create a comfortable and environmentally conscious stay. STRA Permit ID: PID-STRA-11840",in stock,new,282.00 AUD,https://snowymountainsaccommodation.au/accommodation/les-perrieres-studio/,https://images.prod.homhero.com.au/1280x0/e5bd5c43-aca3-4f3c-9364-d9c5044c6255/listing/8/19a6fdcc-4627-4a10-b9fb-e9f384a9ab8d.jpg,Snowy Mountains Accommodation,,,999,,,,,,,,,,,,,,,,,holiday_rental,Crackenback,"{'name': 'Holiday Apartment', 'slug': 'holiday-apartment', 'type': 'property_type'}"
72,Matilda,"Rates from AU$403 per night. Final price depends on dates, guests and availability. Welcome to Matilda — your home away from home in beautiful Jindabyne. With sweeping views across Lake Jindabyne, a warm and relaxed atmosphere, and plenty of room for family and friends, Matilda is a wonderful place to settle in and enjoy the Snowy Mountains. This three-bedroom, two-bathroom home can comfortably sleeps up to nine guests and is just a five-minute stroll from the heart of Jindabyne. From the moment you arrive, the beautiful lake views take centre stage. Floor-to-ceiling windows fill the home with natural light and open onto a generous wrap-around deck, creating the perfect setting for a morning coffee, a lazy afternoon BBQ or an evening watching the sunset colours over the mountains. The open-plan living and dining area has been decorated with comfortable new furnishings, creating a welcoming space for everyone to gather. The fully equipped kitchen includes a stove and oven, dishwasher, microwave and walk-in pantry, making family meals and relaxed evenings at home easy. There’s plenty of room for everyone to settle in, with the main bedroom offering a queen bed, walk-in robe and ensuite. The second bedroom has a queen bed and built-in robes, while the third bedroom is perfect for kids, with a tri-bunk with a double on the bottom and single bed with trundle. A full laundry with washing machine and dryer, plus an additional freezer, makes longer stays easy and convenient. Free Wi-Fi, Smart TV, DVD player and family games provide plenty to enjoy when you're taking a break from the outdoors. Gas heating and ceiling fans ensure comfort throughout the seasons. Outside, the private yard and BBQ area invite you to make the most of the fresh mountain air. When you're ready to explore, Jindabyne's cafés, restaurants, shops and lakefront are just a short walk away. In winter, Perisher and Thredbo are approximately 30 minutes away, while summer brings hiking, mountain biking, fishing, swimming and water activities across the region. Whether you're planning a family adventure, a getaway with friends or simply want somewhere comfortable to relax and enjoy the views, Matilda offers a warm welcome, plenty of space and an easygoing base for discovering the Snowy Mountains. Please note: The property is accessed via a steep angled driveway and stair access is required to enter the home. A stair lift may be available for qualifying guests—please enquire prior to booking. There is also a private studio underneath the house with a separate entrance. This property is not pet friendly. STRA Permit ID: PID-STRA-6542",in stock,new,403.00 AUD,https://snowymountainsaccommodation.au/accommodation/matilda-spacious-centrally-located-with-great-lake-views/,https://images.prod.homhero.com.au/1280x0/e5bd5c43-aca3-4f3c-9364-d9c5044c6255/listing/72/ef68419b-b369-47a0-9077-1f3081040e67.jpg,Snowy Mountains Accommodation,,,999,,,,,,,,,,,,,,,,,holiday_rental,JINDABYNE,"{'name': 'Jindabyne', 'slug': 'jindabyne', 'type': 'location'}"
147,Mogul Rock,"Rates from AU$449 per night. Final price depends on dates, guests and availability. Mogul Rock is a secluded alpine sanctuary on the edge of Crackenback Resort, where mountain views, privacy and nature come together. Surrounded by the spectacular Snowy Mountains, Mogul Rock is a beautifully crafted chalet where sophisticated comfort meets the natural beauty of the alpine landscape. Set within the exclusive surrounds of Lake Crackenback Resort, this light-filled retreat offers a private sanctuary with an impressive range of resort facilities and outdoor experiences right on your doorstep. Inside, the spacious open-plan living and dining area is beautifully considered, blending recycled Australian hardwoods, dry stonewall cladding and expansive double-glazed windows that frame the surrounding scenery. Natural light fills the space throughout the day, while evenings invite you to gather around the crackling wood fire, with firewood thoughtfully supplied for your stay. The gourmet kitchen is fully equipped for relaxed entertaining and long, leisurely meals, while the outdoor entertaining area provides a beautiful setting to enjoy a BBQ and take in the peaceful alpine surrounds. The accommodation has been thoughtfully designed for families and groups. The master bedroom features a comfortable king bed, TV and private ensuite, creating a peaceful retreat at the end of the day. The second bedroom offers two single beds and its own TV, giving kids their own space to relax and unwind. A main bathroom with a bath provides another place to soak and recharge after a day exploring the mountains. Upstairs, the generous loft area offers an additional space to relax, read, play games or enjoy a movie, with a fold-out lounge providing flexible sleeping space when required. It’s a wonderful extra retreat for families or groups, giving everyone a little more room to spread out. Every detail has been designed with comfort in mind. Reverse-cycle air conditioning provides year-round climate control, while underfloor heating in both bathrooms adds an indulgent touch on cooler alpine mornings. Wi-Fi is also available throughout your stay. A highlight of Mogul Rock is its privileged position within Lake Crackenback Resort, where an impressive range of activities and facilities are available to guests. Enjoy complimentary access to golf, archery, trampolines, the indoor heated pool and sauna, gym and fitness track, canoeing and paddleboarding, tennis courts, children's playground, disc golf and mountain-bike trails. For those looking to indulge, the resort also offers premium experiences including an on-site spa and wellness centre, yoga classes, fly-fishing lessons and mountain-bike hire. Hire a bike and set off directly from the resort to explore the many scenic trails winding through the surrounding alpine landscape, or head up to Thredbo for mountain-bike adventures in summer and convenient ski and snow gear hire during winter at Harro's onsite. In summer, spend your days cycling, hiking, paddling across the lake, playing golf or simply enjoying the fresh alpine air and expansive mountain scenery. Winter brings a completely different experience, with skiing, snowboarding and snow adventures close by and the Ski Tube just minutes away. With undercover parking for two vehicles, secure Wi-Fi, a gourmet kitchen, warming wood fire and access to an exceptional range of resort facilities, Mogul Rock offers a rare combination of privacy, comfort and effortless alpine adventure. Whether you're seeking an active mountain escape or a luxurious retreat surrounded by nature, Mogul Rock is an unforgettable way to experience Lake Crackenback and the Snowy Mountains in every season.",in stock,new,449.00 AUD,https://snowymountainsaccommodation.au/accommodation/mogul-rock/,https://images.prod.homhero.com.au/1280x0/e5bd5c43-aca3-4f3c-9364-d9c5044c6255/listing/147/7736512d-8725-754c-c024-c9c2bf0be3fa.jpg,Snowy Mountains Accommodation,,,999,,,,,,,,,,,,,,,,,holiday_rental,Crackenback,"{'name': 'Holiday Townhouse', 'slug': 'holiday-townhouse', 'type': 'property_type'}"
78,Northview 2,"Rates from AU$338 per night. Final price depends on dates, guests and availability. Welcome to Northview 2 — a stylish retreat for discovering the Snowy Mountains. This architecturally designed townhouse combines contemporary comfort, beautiful lake views and a convenient location, making it an ideal base for families or groups looking to explore the region. The light-filled open-plan living, dining and kitchen area is the heart of the home, opening onto a north-facing balcony where you can relax with a morning coffee, enjoy an evening drink or simply take in the beautiful mountain scenery. The fully equipped gourmet kitchen makes everything from easy breakfasts to relaxed dinners with family and friends effortless. Downstairs, the master bedroom features a private ensuite, while the second bedroom and main bathroom provide comfortable accommodation for additional guests. The main bathroom includes a spa bath with shower—perfect for relaxing after a day of adventure. Full laundry facilities add convenience for longer stays. Summer in the Snowy Mountains is all about getting outdoors, and Northview 2 puts you close to it all. Spend your days exploring Lake Jindabyne, with fishing, swimming, water sports and lakeside walks nearby, or head out on the region's scenic hiking and mountain-bike trails. Jindabyne's cafés, restaurants and shops are also within easy reach. After a day exploring, return to the comfort of this specious townhouse and enjoy the air conditioning in the upstairs living area, perfect for relaxing. The double lock-up garage with internal access provides secure parking and additional storage, with a maximum vehicle height of 203cm. While summer is a wonderful time to experience the region, Northview 2 is designed for year-round stays, with reverse-cycle air conditioning upstairs and electric heating downstairs. Perisher and Thredbo are approximately 30 minutes away for those visiting during the winter months. Whether you're planning days on the lake, exploring mountain trails or simply enjoying the fresh alpine air, Northview 2 is a comfortable and stylish base for your Snowy Mountains escape. STRA Permit ID: PID-STRA-5155",in stock,new,338.00 AUD,https://snowymountainsaccommodation.au/accommodation/northview-2-easy-walk-to-jindabyne-restaurants-and-shops/,https://images.prod.homhero.com.au/1280x0/e5bd5c43-aca3-4f3c-9364-d9c5044c6255/listing/78/292c770f-38ba-263b-a3f4-af81144e255e.jpg,Snowy Mountains Accommodation,,,999,,,,,,,,,,,,,,,,,holiday_rental,JINDABYNE,"{'name': 'Holiday Apartment', 'slug': 'holiday-apartment', 'type': 'property_type'}"
144,Parkwood 5,"Rates from AU$308 per night. Final price depends on dates, guests and availability. Welcome to Parkwood 5 — your cosy alpine base in the heart of the Snowy Mountains. Set across three thoughtfully designed levels, this charming retreat blends comfort, practicality, and a touch of mountain luxury. Recently refreshed with new carpets and kitchen, it’s the perfect place to unwind after a day exploring the region—whether you're chasing powder in winter or sunshine in summer. The main living level invites you to relax and reconnect. An open-plan layout combines lounge, dining, and a fully equipped modern kitchen, making it easy to cook, share meals, and spend time together. Reverse-cycle air conditioning keeps things comfortable year-round, while the Smart TV is ready for you to watch your favourite Netflix shows. Step outside onto your balcony, fire up the Weber BBQ, and soak in the crisp mountain air and scenic surrounds. Upstairs, the second level offers a practical and welcoming space for families or groups. Here you’ll find a combined bathroom and full laundry, along with a cosy bedroom featuring both a bunk bed and tri-bunk—ideal for kids, friends, or families. The top level is your peaceful sanctuary. This loft-style master retreat features a plush king-sized bed, Smart TV, built-in storage, and a private ensuite complete with a corner spa and shower—perfect for easing tired muscles after a day on the slopes or trails. Designed with adventure in mind, Parkwood 5 includes tandem undercover parking and exclusive access to a private ski and bike storage room. With racks, a bike repair stand, heating, and ample drying space, your gear will stay organised, warm, and ready for the next outing. Location-wise, it doesn’t get much better. You’re just a short stroll from local cafes, restaurants, and shops, while the iconic ski resorts of Thredbo and Perisher are within an easy 40-minute drive. Whether you’re here for snow-filled days or alpine hikes and lake adventures, everything is within reach. Pack your bags, breathe in the mountain air, and settle into a stay that’s equal parts adventure and relaxation. Parkwood 5 is your home away from home in the Snowy Mountains. STRA Permit ID: PID-STRA-65758",in stock,new,308.00 AUD,https://snowymountainsaccommodation.au/accommodation/parkwood-5/,https://images.prod.homhero.com.au/1280x0/e5bd5c43-aca3-4f3c-9364-d9c5044c6255/listing/144/e66c2414-90a0-3c98-ff3a-16f0c09bc4f9.jpg,Snowy Mountains Accommodation,,,999,,,,,,,,,,,,,,,,,holiday_rental,Jindabyne,"{'name': 'Holiday Apartment', 'slug': 'holiday-apartment', 'type': 'property_type'}"
79,Parkwood 6,"Rates from AU$339 per night. Final price depends on dates, guests and availability. Welcome to Parkwood 6 — a charming and budget-friendly three-level retreat for adventuring in the Snowy Mountains. Set in picturesque Jindabyne, Parkwood 6 is a comfortable and practical holiday home, perfect for families and groups looking for an affordable base from which to explore the Snowy Mountains. Across three levels, the home offers plenty of room to relax after a day outdoors. The main living level features a bright open-plan kitchen, dining and lounge area, with a fully equipped kitchen making it easy to prepare meals and enjoy time together. Step onto the balcony to take in the mountain views, enjoy the fresh alpine air and fire up the BBQ for a relaxed evening outdoors. Reverse-cycle air conditioning keeps the living space comfortable on warmer days. The second level features a combined bathroom and full laundry, along with a separate bedroom with two sets of single bunk beds—ideal for children or groups travelling together. Upstairs, the loft-style master bedroom offers a comfortable queen-size bed, built-in storage and a private ensuite with a corner spa and shower, a lovely place to unwind and recharge after a day exploring the mountains. For guests bringing bikes and outdoor equipment, Parkwood 6 offers tandem undercover parking and access to a private storage room , making it easy to keep your gear organised throughout your stay. The central location is another highlight, with Jindabyne’s cafés, restaurants and shops just a short stroll away. In summer, enjoy hiking, mountain biking, fishing, lake activities and scenic drives throughout the region, with Thredbo and the surrounding alpine trails within easy reach. Whether you're spending your days on the trails, enjoying time by Lake Jindabyne or relaxing on the balcony, Parkwood 6 offers a charming, comfortable and affordable base for your Snowy Mountains getaway. Please note: Wi-Fi is not available at this property.",in stock,new,339.00 AUD,https://snowymountainsaccommodation.au/accommodation/parkwood-6-2-bedroom-2-bathroom/,https://images.prod.homhero.com.au/1280x0/e5bd5c43-aca3-4f3c-9364-d9c5044c6255/listing/79/03f74319-9742-410e-9372-7ec809b8ccb2.jpg,Snowy Mountains Accommodation,,,999,,,,,,,,,,,,,,,,,holiday_rental,JINDABYNE,"{'name': 'Holiday Apartment', 'slug': 'holiday-apartment', 'type': 'property_type'}"
80,Petersdorf 2,"Rates from AU$354 per night. Final price depends on dates, guests and availability. Welcome to Petersdorf 2 — a stylish townhouse and comfortable base for your Snowy Mountains escape. Perfect for families, couples or friends, this two-bedroom retreat is designed for relaxed stays throughout the year. Spend winter days skiing and snowboarding, summer days hiking and mountain biking, or simply slow down and enjoy the fresh mountain air. Downstairs, the open-plan living, dining and kitchen area is the heart of the home. Prepare meals in the fully equipped kitchen, gather around the dining table or unwind on the comfortable lounge with a book or movie after a day outdoors. A dedicated drying room is ideal for winter adventures, while the second bathroom and laundry facilities make longer stays easy and convenient. Upstairs, the two bedrooms offer plenty of space to settle in. The master bedroom features a queen bed and private balcony, the perfect spot for a morning coffee in the crisp mountain air. The second bedroom is ideal for children or groups, with a bunk bed and tri-bunk offering flexible sleeping arrangements, including a double bed below and single above. The beautifully appointed upstairs bathroom features underfloor heating, with a separate toilet adding extra convenience for families and groups after a day exploring the mountains. With space for up to seven guests, Petersdorf 2 is a welcoming home away from home for shared adventures. In winter, enjoy days on the slopes and return to somewhere warm and comfortable. In summer, explore the region's hiking and mountain-bike trails, discover the surrounding alpine landscape or simply enjoy the peaceful mountain atmosphere. Whether you're visiting for adventure or relaxation, Petersdorf 2 provides a comfortable and convenient base for experiencing the Snowy Mountains in every season. STRA Permit ID: PID-STRA-11298-2",in stock,new,354.00 AUD,https://snowymountainsaccommodation.au/accommodation/petersdorf-2-jindabyne-townhouse/,https://images.prod.homhero.com.au/1280x0/e5bd5c43-aca3-4f3c-9364-d9c5044c6255/listing/80/09cf23e2-aae6-d43f-dfc1-5cc2fc49c8ee.jpg,Snowy Mountains Accommodation,,,999,,,,,,,,,,,,,,,,,holiday_rental,Jindabyne,"{'name': 'Jindabyne', 'slug': 'jindabyne', 'type': 'location'}"
81,Poley Cow Studio,"Rates from AU$237 per night. Final price depends on dates, guests and availability. Welcome to Poley Cow Studio! Nestled in the charming town of Jindabyne, Poley Cow Studio is a comfortable and inviting holiday retreat for up to three guests, offering beautiful views across Lake Jindabyne and the Snowy Mountains beyond. Whether you're visiting for winter adventures or a relaxing summer escape, this well-positioned studio is a wonderful base for experiencing everything the region has to offer. Step inside to a thoughtfully furnished space designed for a comfortable stay. The studio features plush bedding for a restful night's sleep, a modern bathroom with walk-in shower, and a functional kitchenette for preparing simple meals. The intimate lounge area provides a relaxing place to unwind after a day of exploring, complete with comfortable seating and a TV. With sweeping views across Lake Jindabyne, the surrounding landscape is never far from view. In summer, enjoy hiking, mountain biking, fishing and water activities on the lake, while winter brings skiing, snowboarding and snow adventures in the nearby mountains. Reverse-cycle air conditioning ensures comfort throughout the seasons, while shared laundry facilities, one off-street parking space, and linen and towels provided add convenience to your stay. Located in Jindabyne, you're perfectly placed to explore the town's cafés, restaurants and local attractions, as well as the spectacular Snowy Mountains beyond. Indulge in a stay at Poley Cow Studio, where comfort, convenience and beautiful mountain scenery come together for a memorable Snowy Mountains getaway. Please note: Wi-Fi is not available at this property. Stair access is required for entry into the apartment. This property is not pet friendly. STRA Permit ID: PID-STRA-23926-2",in stock,new,237.00 AUD,https://snowymountainsaccommodation.au/accommodation/poley-cow-studio-lakeviews/,https://images.prod.homhero.com.au/1280x0/e5bd5c43-aca3-4f3c-9364-d9c5044c6255/listing/81/66cf83d3-0eec-c6ce-17b7-7013d08c2042.jpg,Snowy Mountains Accommodation,,,999,,,,,,,,,,,,,,,,,holiday_rental,JINDABYNE,"{'name': 'Holiday Apartment', 'slug': 'holiday-apartment', 'type': 'property_type'}"
88,Seeblick 2,"Rates from AU$242 per night. Final price depends on dates, guests and availability. Seeblick 2 — Lake Views & Mountain Adventures Wake up to beautiful views across Lake Jindabyne at Seeblick 2, a cosy lakeside retreat in the heart of Jindabyne. Simple, comfortable and easy on the budget, this one-bedroom unit is a great base for friends, couples or small families looking to spend more time outdoors and less time in the car. Step outside and you're right by the lake, with a pathway directly in front of the property leading down to the water. Start the morning with a walk along the foreshore, cast a line for a spot of fishing, or spend a summer afternoon enjoying the lake and surrounding mountains. Mountain biking, hiking, watersports and scenic adventures are all close by. In winter, Seeblick 2 makes a convenient base for exploring the Snowy Mountains, with Perisher and Thredbo both around a 30-minute drive away. After a day on the slopes, come back to the warmth of your cosy retreat and enjoy a quiet evening taking in the lake views. The unit has everything you need for a relaxed, self-contained stay, including a kitchen with oven, cooktop and microwave, TV, DVD and VCR. The recently renovated ensuite bathroom keeps things fresh and comfortable, while the bedroom has one Queen and one Single bed, with an additional single sofa bed in the living area. A shared laundry with washing machine and dryer is also available. Best of all, you can leave the car behind when you're ready to explore Jindabyne. Shops, restaurants and bars are all within walking distance, while off-street parking makes it easy to head further into the mountains when adventure calls. Whether you're chasing snowy days on the slopes, summer afternoons by the lake or a peaceful mountain escape, Seeblick 2 puts you right where you want to be. Please note that Wi-Fi is not available and the property is not pet friendly. STRA Permit ID: PID-STRA-20743-2",in stock,new,242.00 AUD,https://snowymountainsaccommodation.au/accommodation/seeblick-2-on-lake-jindabyne/,https://images.prod.homhero.com.au/1280x0/e5bd5c43-aca3-4f3c-9364-d9c5044c6255/listing/88/cefc7923-3b39-4d67-9463-7c14520fa0bf.jpg,Snowy Mountains Accommodation,,,999,,,,,,,,,,,,,,,,,holiday_rental,JINDABYNE,"{'name': 'Holiday Apartment', 'slug': 'holiday-apartment', 'type': 'property_type'}"
89,Seeblick 3,"Rates from AU$226 per night. Final price depends on dates, guests and availability. Seeblick 3 — Cosy Lakefront Escape in Jindabyne Wake up to beautiful views across Lake Jindabyne at Seeblick 3, a cosy one-bedroom unit perfectly positioned for a Snowy Mountains getaway. Whether you're planning a summer escape by the lake or a winter trip to the slopes, this comfortable and budget-friendly accommodation puts you close to it all. Ideal for couples or small families, the unit features a Queen bed in the bedroom plus a fold-out couch in the living area. The updated ensuite bathroom adds a fresh, modern touch, while the new kitchen is equipped with an oven, cooktop and microwave for easy holiday meals. There's also a TV, DVD and VCR for relaxing evenings in, along with access to a shared laundry with washing machine and dryer. One of Seeblick 3's biggest drawcards is its lakeside location. A pathway directly in front of the apartment provides access to the shores of Lake Jindabyne, making it easy to head out for an early morning stroll, cast a fishing line, enjoy the water or simply find a peaceful spot to take in the mountain scenery. In summer, the lake and surrounding Snowy Mountains are perfect for fishing, watersports, mountain biking and exploring. When winter arrives, you're just 30 minutes from both Perisher and Thredbo, making Seeblick 3 a convenient base for skiing, snowboarding and enjoying the alpine landscape. The property is also centrally located within Jindabyne, with shops, restaurants and bars all within walking distance. Off-street parking makes coming and going easy, whether you're heading into town or setting off for a day in the mountains. Please note that Wi-Fi is not available at this property and Seeblick 3 is not pet friendly.",in stock,new,226.00 AUD,https://snowymountainsaccommodation.au/accommodation/seeblick-3-on-lake-jindabyne/,https://images.prod.homhero.com.au/1280x0/e5bd5c43-aca3-4f3c-9364-d9c5044c6255/listing/89/c38c9399-4e23-4aaf-8277-bdbb2cfe34c9.jpg,Snowy Mountains Accommodation,,,999,,,,,,,,,,,,,,,,,holiday_rental,JINDABYNE,"{'name': 'Holiday Apartment', 'slug': 'holiday-apartment', 'type': 'property_type'}"
14,Silvertrees 5,"Rates from AU$410 per night. Final price depends on dates, guests and availability. Welcome to Silvertrees 5, a stylish alpine retreat where mountain adventures, lake days and long, lazy evenings come together. Perfectly positioned in the heart of Jindabyne, this beautifully appointed three-bedroom townhouse is made for escaping to the Snowy Mountains in every season. Whether you're chasing fresh powder in winter, hiking and mountain biking in spring and autumn, or enjoying long summer days by Lake Jindabyne, Silvertrees 5 gives you the perfect place to return to at the end of the day. And there's one very good reason to look forward to getting home — your own private two-person infrared sauna. Tucked away in the internal lock-up garage, it's the perfect spot to warm up after a day on the slopes or soothe tired muscles after exploring the mountains. Set across two levels, the townhouse combines modern alpine style with everything you need for a comfortable stay. Downstairs, you'll find three bedrooms, including a master with ensuite, plus a main bathroom with a relaxing spa bath. Each bedroom has its own electric panel heater, while bathroom underfloor heating keeps chilly mornings cosy. A washer and dryer are also available, making longer stays easy and convenient. Upstairs is the heart of the home — an inviting open-plan living space with plenty of room to cook, relax and reconnect. The fully equipped kitchen includes a dishwasher and coffee pod machine for easy mornings, while the generous lounge is made for sinking into after a day outside. Fire up the BBQ, pour a drink and step onto the private balcony to enjoy the fresh mountain air and lake views, or settle in for a movie with the Smart TV and soundbar. Location is another highlight. From Silvertrees 5, you can leave the car behind and stroll to Nuggets Crossing, the town centre, cafés, restaurants and local shops. The pub is directly across the road, offering live music, great meals and beautiful lake views — perfect for an easy night out. For outdoor adventures, you're ideally placed to explore the Snowy Mountains. Spend winter days skiing and snowboarding at Thredbo or Perisher, enjoy summer afternoons swimming or paddling on Lake Jindabyne, or head into the mountains for hiking, mountain biking and sightseeing. Thoughtful touches make Silvertrees 5 especially comfortable for an alpine getaway, from the insulated interiors and heating throughout to the practical extras that make settling in easy. The property also features rainwater collection, water-efficient fixtures, recycling facilities and towel-reuse initiatives. The internal lock-up garage provides secure parking for one vehicle, with a clearance height of 206cm — handy for storing your gear after a day outdoors. Please note that the property is not pet friendly. Come for the snow, stay for the mountains, and make yourself at home at Silvertrees 5 — your comfortable, convenient base for experiencing the Snowy Mountains in every season. STRA Permit ID: PID-STRA-5181",in stock,new,410.00 AUD,https://snowymountainsaccommodation.au/accommodation/silvertrees-5-convenience-at-your-doorstep/,https://images.prod.homhero.com.au/1280x0/e5bd5c43-aca3-4f3c-9364-d9c5044c6255/listing/14/8ef4175f-c43f-4524-a623-f9d76761376e.jpg,Snowy Mountains Accommodation,,,999,,,,,,,,,,,,,,,,,holiday_rental,Jindabyne,"{'name': 'Jindabyne', 'slug': 'jindabyne', 'type': 'location'}"
95,Snowbird 1,"Rates from AU$330 per night. Final price depends on dates, guests and availability. Comfortable, welcoming and perfectly positioned, Snowbird 1 is a charming split-level townhouse sleeps up to five guests and makes an ideal base for couples, families or small groups exploring the Snowy Mountains throughout the year. Set across two levels, the home offers two bedrooms and two bathrooms, providing plenty of space and privacy. The master bedroom features a queen bed and electric heating, while the second bedroom has a bunk bed and single bed, making it particularly well suited to families. The open-plan kitchen, living and dining area is the heart of the home, with large windows framing views across Lake Jindabyne and the surrounding mountains. The fully equipped kitchen includes a stove, oven, microwave and fridge, while the comfortable lounge features reverse-cycle air conditioning, TV and a combustion fireplace for cosy winter evenings. Firewood is not supplied. Step outside onto the private balcony to enjoy your morning coffee, an evening drink or a relaxed BBQ while taking in the alpine scenery. A dedicated storage room with a dryer and heater provides a practical space for drying ski gear after a day on the slopes. The property also includes a single lock-up garage with a 2.2m height clearance, plus an additional off-street parking space. Just a short walk from Jindabyne’s cafés, restaurants, shops and lakefront walking paths, Snowbird 1 places you close to everything the region has to offer. In winter, enjoy easy access to Perisher and Thredbo for skiing, snowboarding and snow play. In summer, explore the surrounding mountains by foot or bike, go fishing, enjoy watersports on the lake or simply soak up the spectacular alpine scenery. Whether you're chasing fresh snow, summer adventures or a peaceful mountain getaway, Snowbird 1 is a comfortable and convenient home away from home in every season. Please note: Wi-Fi is not available at this property. STRA Permit ID: PID-STRA-74408",in stock,new,330.00 AUD,https://snowymountainsaccommodation.au/accommodation/snowbird-1-jindabyne-townhouse/,https://images.prod.homhero.com.au/1280x0/e5bd5c43-aca3-4f3c-9364-d9c5044c6255/listing/95/97270ca1-acc8-1c99-ee59-013b4e07b615.jpg,Snowy Mountains Accommodation,,,999,,,,,,,,,,,,,,,,,holiday_rental,JINDABYNE,"{'name': 'Jindabyne', 'slug': 'jindabyne', 'type': 'location'}"
90,Snowgums on the Lake,"Rates from AU$411 per night. Final price depends on dates, guests and availability. Perched right on the water’s edge in Tyrolean Village, Snowgums on the Lake is a spacious alpine retreat with uninterrupted views across Lake Jindabyne to the majestic Snowy Mountains beyond. With generous living spaces, a flexible two-storey layout and an enviable lakeside setting, this is a home made for gathering, reconnecting and enjoying the mountains in every season. Designed with families and larger groups in mind, the home features four bedrooms and two bathrooms, with each level offering its own living area, kitchen and laundry facilities. This thoughtful layout provides both togetherness and independence, making it ideal for two families or groups travelling with older children. On the ground floor, the comfortable living space is a welcoming place to unwind, with air conditioning and a cosy fireplace creating warmth and atmosphere after a day outdoors. Bring your own firewood, settle in with a glass of wine and enjoy relaxed evenings together while the mountains provide a spectacular backdrop. The home truly comes alive in summer, when the lake becomes the centre of your holiday. Enjoy fishing, swimming, kayaking, cycling and other water activities, or simply slow down and soak up the sunshine. Step onto the balcony with your morning coffee, fire up the BBQ for a long lunch or wander down to the water’s edge for a peaceful afternoon surrounded by alpine scenery. In winter, Snowgums on the Lake offers an inviting base for exploring the region’s renowned ski fields. Perisher and Thredbo are approximately 30 minutes away, making it easy to spend your days skiing, snowboarding, snow playing or exploring the spectacular winter landscape before returning to the comfort of your lakeside retreat. Beyond the snow, the Snowy Mountains offer endless opportunities throughout the year, from hiking and mountain biking to trout fishing, sightseeing and scenic drives. Jindabyne is just a five-minute drive away, placing cafés, restaurants, shops and local attractions within easy reach. With space to accommodate up to 10 guests, Snowgums on the Lake offers the perfect setting for shared adventures and memorable escapes. Whether you’re drawn to the excitement of winter, the long days of summer or simply the tranquillity of lakeside living, this is a place to settle in, slow down and enjoy the very best of the Snowy Mountains. Please note: Wi-Fi is not available. This property is not pet friendly. STRA Permit ID: PID-STRA-5115",in stock,new,411.00 AUD,https://snowymountainsaccommodation.au/accommodation/snowgums-on-the-lake/,https://images.prod.homhero.com.au/1280x0/e5bd5c43-aca3-4f3c-9364-d9c5044c6255/listing/90/72f7773e-9a5a-2f1e-f72e-95217a12f53a.jpg,Snowy Mountains Accommodation,,,999,,,,,,,,,,,,,,,,,holiday_rental,EAST JINDABYNE,"{'name': 'Holiday House', 'slug': 'holiday-house', 'type': 'property_type'}"
15,Snowy Studio,"Rates from AU$210 per night. Final price depends on dates, guests and availability. Welcome to Snowy Studio — your convenient base in the heart of Jindabyne. Perfect for couples or a small family, this well-presented studio features a comfortable queen bed and single bed, making it an easy choice for a Snowy Mountains getaway in any season. Ideally located on Snowy River Avenue, directly behind Nuggets Crossing Shopping Centre and above the lively La Famiglia restaurant, everything you need is just moments away. Wander down to the lake foreshore for fishing, cycling and water activities, or explore the local cafés, shops and dining options on foot. In winter, you’re approximately 30 minutes from both Perisher and Thredbo, putting skiing, snowboarding, snow play and back-country adventures within easy reach. In summer, enjoy the lake, mountain biking, hiking, fishing and the spectacular alpine scenery. With Wi-Fi available and on-street unallocated parking, Snowy Studio is a simple, comfortable and well-located base for discovering the Snowy Mountains. STRA Permit ID: PID-STRA-44867",in stock,new,210.00 AUD,https://snowymountainsaccommodation.au/accommodation/snowy-studio-jindabyne/,https://images.prod.homhero.com.au/1280x0/e5bd5c43-aca3-4f3c-9364-d9c5044c6255/listing/15/cd183be8-0929-479a-816e-9ec57df7c9a8.jpg,Snowy Mountains Accommodation,,,999,,,,,,,,,,,,,,,,,holiday_rental,JINDABYNE,"{'name': 'Holiday Apartment', 'slug': 'holiday-apartment', 'type': 'property_type'}"
96,Sponars Onshore,"Rates from AU$308 per night. Final price depends on dates, guests and availability. Welcome to Sponars Onshore, a comfortable, pet-friendly two-bedroom home in the heart of the Snowy Mountains. Perfectly positioned opposite Lake Jindabyne and the popular Pooh Bay swimming area, this relaxed holiday home puts the best of the region right at your doorstep. Whether you're here to swim, ski, ride, fish, hike or simply slow down, Sponars Onshore is an ideal base for exploring, with the town centre, Banjo Paterson Inn and Kosciuszko Brewery all within walking distance. Located directly opposite the lake, Sponars Onshore is perfectly placed for enjoying the outdoors. Take a morning swim at Pooh Bay, head out for a walk or fishing trip, or simply relax in the garden with your four-legged friend. For mountain bike enthusiasts, the Copper Tom mountain bike trail starts across the road, making it easy to get out and explore the region on two wheels. There’s also plenty of space at the property for bikes and outdoor gear. In summer, enjoy swimming, fishing, hiking, mountain biking and long days by the lake. In winter, you're approximately 30 minutes from the ski resorts, providing a convenient base for days on the slopes. After a day of adventure, come home and unwind in the comfortable open-plan living and dining area. The home features a large flat-screen TV, free Wi-Fi and reverse-cycle air conditioning to keep you comfortable in every season. The recently renovated bathroom is designed with winter stays in mind, featuring underfloor heating, a full-size bath and a heated drying cupboard — perfect for warming up after a day in the snow and drying ski gear and clothing. Sponars Onshore is set up for families and groups alike, comfortably accommodating up to six guests. Main bedroom: Queen bed Second bedroom: Bunk beds, single bed and trundle The fully equipped kitchen includes electric cooking, dishwasher, microwave, fridge/freezer, cooking utensils, crockery and essential appliances, making it easy to enjoy a relaxed meal at home. Your dog is welcome too! The property has a fully fenced yard, giving children and pets room to enjoy some outdoor time while you relax. There is also plenty of off-street parking, with space for cars, bikes and other holiday equipment. Stay Longer & Save - Make the most of the Snowy Mountains with our long-stay discounts: 7+ nights – 10% off 14+ nights – 15% off 30+ nights – 20% off From lazy summer days beside Lake Jindabyne to fresh winter mornings heading up the mountain, Sponars Onshore is a comfortable, relaxed and convenient base for your Snowy Mountains adventure. Swim. Ski. Ride. Fish. Hike. Explore. Or simply relax. Your Snowy Mountains escape starts here. STRA Permit ID: PID-STRA-17985-1",in stock,new,308.00 AUD,https://snowymountainsaccommodation.au/accommodation/sponars-onshore-apartment-1-free-unlimited-wifi/,https://images.prod.homhero.com.au/1280x0/e5bd5c43-aca3-4f3c-9364-d9c5044c6255/listing/96/d193eb15-cba6-da87-6840-70471271a6ba.jpg,Snowy Mountains Accommodation,,,999,,,,,,,,,,,,,,,,,holiday_rental,JINDABYNE,"{'name': 'Holiday Apartment', 'slug': 'holiday-apartment', 'type': 'property_type'}"
98,Stillwater Chalet A at Crackenback,"Rates from AU$395 per night. Final price depends on dates, guests and availability. Welcome to Stillwater A — your peaceful lakeside retreat in the heart of the Snowy Mountains. Enjoy the beauty of Lake Crackenback from this beautifully appointed two-bedroom chalet, where alpine comfort meets an enviable lakeside setting. Surrounded by mountain scenery and designed for relaxed year-round stays, Stillwater A is an inviting base for couples, families or friends looking to explore, unwind and enjoy everything the Snowy Mountains has to offer. Set across two levels, the chalet combines comfortable interiors with thoughtful touches throughout. Downstairs, the open-plan living area provides a warm and welcoming space to relax, complete with a gas fireplace and A/C for year-round comfort. Settle in with a glass of wine or hot chocolate and enjoy the peaceful views across the lake, or gather around the dining table after a day exploring the mountains. The well-equipped kitchen has everything you need for a comfortable stay, including a dishwasher and coffee machine. Also downstairs is the second bedroom, main bathroom and European laundry with drying facilities—ideal for keeping ski gear, hiking clothes and outdoor equipment fresh and ready for the next adventure. Underfloor heating in the bathrooms is an added luxury on chilly alpine mornings. Upstairs, the spacious master bedroom is a quiet sanctuary with beautiful lake and mountain views. The private ensuite features a bath and underfloor heating, offering the perfect place to unwind and soak away the day's adventures. In winter, the chalet is perfectly positioned for snow-filled days. The Ski Tube is right next door, providing a convenient 10-minute journey to Perisher without the need for mountain driving or parking. A secure storage room offers plenty of space for skis, snowboards and mountain bikes, making it easy to embrace the outdoors. When summer arrives, the landscape transforms into a playground for hiking, mountain biking, trout fishing and golf. Explore the trails throughout Lake Crackenback and the Thredbo Valley, spend time beside the lake or head further afield to Thredbo and Jindabyne for more alpine adventures, dining and sightseeing. Guests can also make the most of Lake Crackenback Resort's facilities, including the indoor heated pool, sauna, gym, tennis courts, golf course, restaurants and luxury day spa. Sustainability has been thoughtfully incorporated throughout the property, with insulated walls and ceilings, double-glazed windows, water-efficient fittings, recycling facilities, towel-reuse initiatives, rainwater collection and green spaces. Please note that Wi-Fi is not currently available at the resort, although Telstra and Optus mobile coverage operate well throughout the area. Pets are not permitted. Whether you're drawn to the mountains for fresh winter snow, summer trails and lake adventures, or simply want somewhere beautiful and peaceful to slow down, Stillwater A offers a comfortable lakeside escape in every season.",in stock,new,395.00 AUD,https://snowymountainsaccommodation.au/accommodation/stillwater-chalet-a-crackenback/,https://images.prod.homhero.com.au/1280x0/e5bd5c43-aca3-4f3c-9364-d9c5044c6255/listing/98/39fe2589-2253-8df9-b04c-ee64fafa4604.jpg,Snowy Mountains Accommodation,,,999,,,,,,,,,,,,,,,,,holiday_rental,Crackenback,"{'name': 'Holiday Townhouse', 'slug': 'holiday-townhouse', 'type': 'property_type'}"
111,Stillwater Chalet B at Crackenback,"Rates from AU$395 per night. Final price depends on dates, guests and availability. Welcome to Stillwater B — a beautiful lakeside alpine escape where every season has something to discover. Set directly beside the tranquil waters of Lake Crackenback, Stillwater B is a beautifully appointed two-bedroom chalet offering a front-row seat to the spectacular Snowy Mountains. Warm, inviting and thoughtfully designed, it’s the perfect retreat for couples, families or friends looking to combine outdoor adventure with the comforts of a cosy alpine home. Arranged across two levels, the chalet has been created for relaxed mountain living. Downstairs, the open-plan living area is warm and welcoming, with a gas fireplace creating the perfect place to unwind after a day outdoors. Air conditioning in the living area ensures year-round comfort, while the comfortable lounge provides the perfect spot to enjoy a glass of wine or hot chocolate and watch the changing alpine light across the lake. The fully equipped kitchen includes everything you need for an easy stay, including a dishwasher and coffee machine, while the dining area enjoys beautiful views across the water. Also downstairs is the second bedroom, main bathroom and European laundry with drying facilities—perfect for ski clothing, hiking gear and outdoor adventures. Underfloor heating in the bathrooms adds an extra touch of comfort on crisp alpine mornings. Upstairs, the spacious master suite offers a peaceful retreat with stunning lake and mountain views, along with a private ensuite featuring a bath for a long, restorative soak. In winter, the location is hard to beat. The Ski Tube is right next door, providing a convenient 10-minute journey to Perisher and taking the stress out of mountain driving and parking. After a day on the slopes, return to the warmth of the chalet, dry your gear and settle in beside the fire. A secure storage room provides plenty of space for skis, snowboards, mountain bikes and fishing rods. As the snow melts and the mountains turn green, Lake Crackenback reveals a whole new side of alpine life. Spend summer days exploring the extensive walking and mountain-bike trails, discover the beautiful Thredbo Valley, try your hand at trout fishing or enjoy a round of golf surrounded by spectacular mountain scenery. The lake and surrounding waterways invite slower days outdoors, while nearby Thredbo and Jindabyne offer even more opportunities for adventure, dining and exploration. Guests can also enjoy the resort's range of facilities, including the indoor heated pool, sauna, gym, tennis courts, golf course, restaurants and luxury day spa—perfect for relaxing after a day spent exploring. Sustainability has been thoughtfully considered throughout the property, with insulated walls and ceilings, double-glazed windows, water-efficient fittings, recycling facilities, towel-reuse initiatives, rainwater collection and green spaces. Please note that Wi-Fi is not currently available at the resort, although Telstra and Optus mobile coverage operate well throughout the area. Pets are not permitted. Whether you're chasing fresh powder in winter, hiking and mountain biking beneath clear summer skies, or simply looking for a peaceful retreat beside the lake, Stillwater B offers a beautiful base from which to experience the Snowy Mountains in every season. STRA Permit ID: PID-STRA-12826",in stock,new,395.00 AUD,https://snowymountainsaccommodation.au/accommodation/stillwater-chalet-b-crackenback/,https://images.prod.homhero.com.au/1280x0/e5bd5c43-aca3-4f3c-9364-d9c5044c6255/listing/111/f3ae18a0-147f-b619-68e7-0d593fc62b83.jpg,Snowy Mountains Accommodation,,,999,,,,,,,,,,,,,,,,,holiday_rental,Crackenback,"{'name': 'Holiday House', 'slug': 'holiday-house', 'type': 'property_type'}"
17,Summit 9,"Rates from AU$399 per night. Final price depends on dates, guests and availability. Welcome to Summit 9, a stylish alpine retreat offering comfort, convenience and stunning views across Lake Jindabyne. This inviting three-bedroom apartment comfortably sleeps up to seven guests, making it an ideal choice for families or small groups looking to enjoy the Snowy Mountains in every season. One of the highlights of Summit 9 is the private balcony, where you can take in beautiful views across Lake Jindabyne. Enjoy your morning coffee as the mountains and lake come to life, or relax with a drink in the afternoon after a day of exploring. Inside, the warm and welcoming open-plan living area features floating timber floors, a modern kitchen with stainless steel appliances and a comfortable lounge. Large windows fill the space with natural light, while reverse-cycle air conditioning ensures year-round comfort. The fully equipped kitchen makes preparing meals easy, whether you're getting ready for an early start on the slopes or enjoying a relaxed dinner with family and friends. The apartment has three comfortable bedrooms, each with electric heating. The master bedroom features a queen bed and private ensuite, the second bedroom has a double bed, and the third includes a tri-bunk, making it ideal for children or additional guests. Two modern bathrooms provide extra convenience for groups. Step outside to enjoy the private balcony and outdoor entertaining area, complete with BBQ and those beautiful Lake Jindabyne views. Winter guests will appreciate the drying cabinet, providing a convenient place to keep ski gear warm and dry and ready for another day on the slopes. In summer, explore the Snowy Mountains through hiking, mountain biking, fishing, water activities and adventures in Kosciuszko National Park. In winter, enjoy skiing, snowboarding and snow play, then return to Summit 9 and unwind while taking in the spectacular alpine outlook. Offering 2 car spaces with a maximum height clearance of 202cm, a short set of stairs leads from the car space to the apartment. Whether you're chasing fresh powder in winter or enjoying the lake and mountains in summer, Summit 9 offers a comfortable base with a view you'll want to come home to. STRA Permit ID: PID-STRA-24746",in stock,new,399.00 AUD,https://snowymountainsaccommodation.au/accommodation/summit-9-modern-and-stylish-newly-renovated-apartment/,https://images.prod.homhero.com.au/1280x0/e5bd5c43-aca3-4f3c-9364-d9c5044c6255/listing/17/41925431-8865-6754-6111-53b9a02e32cf.jpg,Snowy Mountains Accommodation,,,999,,,,,,,,,,,,,,,,,holiday_rental,JINDABYNE,"{'name': 'Holiday Apartment', 'slug': 'holiday-apartment', 'type': 'property_type'}"
103,T-Bar on Twynam,"Rates from AU$312 per night. Final price depends on dates, guests and availability. Welcome to T-Bar on Twynam, a stylish and thoughtfully designed two-bedroom home in a new estate in Jindabyne. Perfect for two couples or a family, T-Bar on Twynam is a comfortable base for enjoying the Snowy Mountains in every season. Whether you're visiting for fresh snow and ski days in winter or mountain biking, hiking and lake adventures in summer, you'll have everything you need for a relaxed stay. The spacious kitchen is well equipped with stainless steel appliances, including a dishwasher, gas cooktop, electric oven, microwave and large fridge. It's perfect for preparing a hearty family dinner after a day on the slopes or enjoying a relaxed meal together. The open living and dining area comfortably seats five and features a large flat-screen TV with Netflix, along with Wi-Fi to keep you connected during your stay. Bedroom one features a comfortable queen bed with pillow-top mattress, a single trundle bed, built-in wardrobe and wall-mounted TV, making it a flexible option for families. Bedroom two has a king split bed and built-in wardrobe, making it ideal for couples or friends travelling together. Both bedrooms have heated towel rails — perfect for those crisp alpine mornings. The bathroom includes gas hot water and full laundry facilities, while there is plenty of outdoor space to store your bikes and boards. At the entrance, the private courtyard provides a lovely spot to relax, with a locally made picnic table and hooded gas BBQ ready for an easy outdoor meal. In winter, enjoy easy access to the Snowy Mountains ski fields, with plenty of space to store and dry your gear after a day in the snow. In summer, explore the region by bike, foot or water, with Lake Jindabyne, Kosciuszko National Park and the spectacular mountain scenery all waiting to be discovered. T-Bar on Twynam also incorporates a range of sustainability features, including solar panels, rainwater collection, recycling facilities, water-efficient taps and showers, towel reuse, insulated walls and ceilings, double-glazed windows and green spaces. Whether you're planning a ski holiday, mountain biking adventure or relaxing Snowy Mountains getaway, T-Bar on Twynam is a comfortable and modern home base for your next Jindabyne escape. STRA Permit ID: PID-STRA-23436",in stock,new,312.00 AUD,https://snowymountainsaccommodation.au/accommodation/tbar-on-twynam/,https://images.prod.homhero.com.au/1280x0/e5bd5c43-aca3-4f3c-9364-d9c5044c6255/listing/103/5a1dbad1-7050-1484-6478-8d8fd26a62d9.jpg,Snowy Mountains Accommodation,,,999,,,,,,,,,,,,,,,,,holiday_rental,JINDABYNE,"{'name': 'Holiday Apartment', 'slug': 'holiday-apartment', 'type': 'property_type'}"
102,Tanderra 10 on Park Road,"Rates from AU$308 per night. Final price depends on dates, guests and availability. Welcome to Tanderra 10, a comfortable two-bedroom apartment offering beautiful views across Jindabyne to Lake Jindabyne. Perfectly positioned in the heart of town, Tanderra 10 provides a convenient and affordable base for exploring the Snowy Mountains in every season. Whether you're planning a family getaway, a ski trip or a summer adventure, you'll be close to everything you need. The open-plan kitchen, dining and living area provides a welcoming space to relax after a day exploring the region. Step outside onto the private balcony to enjoy the fresh mountain air and scenic views. It's a lovely spot for morning coffee or an evening drink while taking in the outlook. The master bedroom features a built-in robe and private ensuite, while the second bedroom has a tri-bunk with a double bed on the bottom and single on top, making it ideal for children or additional guests. A second bathroom with integrated laundry facilities adds convenience, particularly for longer stays. The fully equipped kitchen makes self-catering easy, while reverse-cycle air conditioning keeps the apartment comfortable throughout the year. Guests also have access to two undercover off-street parking spaces, with a maximum vehicle height of 235cm. In summer, enjoy hiking, mountain biking, fishing, horse riding and water activities on Lake Jindabyne, or explore the spectacular scenery of Kosciuszko National Park. In winter, Perisher and Thredbo are both approximately a 30-minute drive away, providing easy access to skiing, snowboarding and snow play. After a day in the snow, return to your comfortable apartment and enjoy the warmth and views from the balcony. With its central location, lake views and practical layout, Tanderra 10 is a great choice for guests wanting to experience the best of Jindabyne and the Snowy Mountains. Please note: This property does not have Wi-Fi or a dishwasher. STRA Permit ID: PID-STRA-6321",in stock,new,308.00 AUD,https://snowymountainsaccommodation.au/accommodation/tanderra-10-on-park-road/,https://images.prod.homhero.com.au/1280x0/e5bd5c43-aca3-4f3c-9364-d9c5044c6255/listing/102/a70d328a-ac84-46fd-d98e-6ae7eec2be49.jpg,Snowy Mountains Accommodation,,,999,,,,,,,,,,,,,,,,,holiday_rental,JINDABYNE,"{'name': 'Holiday Apartment', 'slug': 'holiday-apartment', 'type': 'property_type'}"
37,The Edge Apartment 5,"Rates from AU$346 per night. Final price depends on dates, guests and availability. Welcome to The Edge 5! This beautifully presented and light filled apartment is the perfect location from which to experience the alpine region of NSW. Offering two bedrooms (each with private ensuite) an open plan kitchen/dining/living area, European laundry and a large private balcony guests can enjoy views over Lake Jindabyne and to the mountains beyond. Ideally situated in Clyde Street it is just a moments walk to the town centre and lake foreshore to enjoy fishing, water sports and cycling during the summer months. With underfloor heating in the kitchen/dining and both bathrooms, infrared radiant heaters in living and bedrooms and a store room with drying facilities, this property is ideal for those winter getaways. The Edge 5 is a mere 30 minutes to the ski resorts of Perisher and Thredbo to enjoy skiing, snowboarding, snow-play and back-country adventures. Perfect for both Winter and Summer, this accommodation will impress and delight friends or a young family looking for an alpine escape. This property provides WiFi. Please note: Stair access is required for entry into this apartment. This property is 'Not Pet Friendly' STRA Permit ID: PID-STRA-5122",in stock,new,346.00 AUD,https://snowymountainsaccommodation.au/accommodation/the-edge-apartment-5-jindabyne/,https://images.prod.homhero.com.au/1280x0/e5bd5c43-aca3-4f3c-9364-d9c5044c6255/listing/37/076d317c-ce80-4629-98a3-4ef0e0ba199d.jpg,Snowy Mountains Accommodation,,,999,,,,,,,,,,,,,,,,,holiday_rental,Jindabyne,"{'name': 'Holiday Apartment', 'slug': 'holiday-apartment', 'type': 'property_type'}"
146,The Essentials,"Rates from AU$275 per night. Final price depends on dates, guests and availability. Welcome to The Essentials, a comfortable and convenient base right in the heart of Jindabyne. Located just 500m from the town centre, you’re within an easy stroll of Nuggets Crossing, Woolworths, cafés, restaurants, shops, the Brumby Bar and the Jindabyne Information Centre. It’s a great location for guests who want to enjoy Jindabyne without having to drive everywhere. The accommodation sleeps up to five guests and is well suited to couples, small families or friends. The bedsitter-style layout includes a comfortable queen bed and tri-bunk, making it a practical option for families travelling with children. Winter guests will love having a convenient base for days on the snow, with Perisher and Thredbo accessible from Jindabyne. After skiing or snowboarding, come home, warm up and enjoy the convenience of your own space. In summer, Jindabyne is the gateway to a huge range of outdoor adventures. Explore Kosciuszko National Park, hike, mountain bike, fish, swim, kayak or enjoy the waters of Lake Jindabyne. The Essentials also includes free Wi-Fi, a washing machine and dryer, plus a single off-street parking space. Please note that access to the unit involves a set of stairs from the parking area to the accommodation. Whether you're visiting for a ski trip, a summer adventure or simply a getaway in the mountains, The Essentials puts you close to the action while providing a comfortable place to come home to. STRA Permit ID: PID-STRA-4149",in stock,new,275.00 AUD,https://snowymountainsaccommodation.au/accommodation/the-essentials/,https://images.prod.homhero.com.au/1280x0/e5bd5c43-aca3-4f3c-9364-d9c5044c6255/listing/146/3fc71da1-1b9e-6c43-a3bb-abe1f5cb28bc.jpg,Snowy Mountains Accommodation,,,999,,,,,,,,,,,,,,,,,holiday_rental,Jindabyne,"{'name': 'Holiday Apartment', 'slug': 'holiday-apartment', 'type': 'property_type'}"
4,The Mountain House,"Rates from AU$452 per night. Final price depends on dates, guests and availability. Welcome to The Mountain House, a stylish and luxurious Snowy Mountains retreat designed for families and groups of friends looking for comfort, space and a touch of indulgence. Located just 2 minutes from Jindabyne town centre, this beautifully designed single-level home provides an ideal base for enjoying everything the Snowy Mountains has to offer, from summer adventures on the lake and in the mountains to winter days skiing and snowboarding. Step inside and you'll find four generous bedrooms, two beautifully appointed bathrooms and an inviting open-plan living area designed for relaxing together after a day of adventure. The master bedroom features a luxurious king-sized bed, wall-mounted TV, walk-in robe and ensuite with heated flooring. The generous family bathroom includes a full-sized deep bath and shower, with heated floors providing an extra touch of comfort during the cooler months. All bedrooms feature comfortable Posturepedic beds, premium allergy-free doonas, wool blankets, extra pillows and individual electric heaters to ensure a restful night's sleep. The heart of the home is the spacious open-plan kitchen, dining and living area. The modern kitchen is fully equipped with quality appliances, kitchenware, breakfast bar, oven and dishwasher, while the Nespresso coffee machine is ready for your morning coffee before heading out for the day. The lounge features high-end designer furniture, a 65-inch TV with soundbar, reverse-cycle air conditioning, free Wi-Fi and Netflix, making it just as enjoyable to spend a quiet night at home as it is to get out and explore. Winter guests will love the practical features designed for snow trips, including the double lock-up garage with internal access and dedicated ski storage and drying facilities. No more scraping ice from the car before an early start on the slopes. There is also plenty of room to store mountain bikes, SUPs, a boat or motorbikes during the warmer months. Summer in the Snowy Mountains offers a completely different experience. Spend your days exploring Kosciuszko National Park, mountain biking, fishing, boating, swimming or enjoying the beautiful Lake Jindabyne. After a day outdoors, fire up the three-burner BBQ and relax on the undercover patio while the kids enjoy the secure garden. Families with younger children are also well catered for, with a portacot and highchair available for use. With linen included, a separate laundry, drying rack, secure storage and all the comforts of a luxury home, The Mountain House is designed to make your Snowy Mountains stay easy and enjoyable. Sustainability is also part of the home, with rainwater collection, recycling facilities, water-efficient taps and showers, towel reuse, insulated walls and ceilings, double-glazed windows and green spaces. Whether you're chasing fresh powder and first tracks in winter, enjoying long summer days on Lake Jindabyne, or simply looking for a beautiful place to relax and reconnect with family and friends, The Mountain House offers the perfect home base. Come home after a day of exploring, put your feet up, enjoy a good coffee or a BBQ on the patio, and settle into the comfort of your own private mountain retreat. STRA Permit ID: PID-STRA-22015",in stock,new,452.00 AUD,https://snowymountainsaccommodation.au/accommodation/the-mountain-house-luxury-and-newly-built/,https://images.prod.homhero.com.au/1280x0/e5bd5c43-aca3-4f3c-9364-d9c5044c6255/listing/4/c8f81365-12be-2d36-c072-1dbf24334d52.jpg,Snowy Mountains Accommodation,,,999,,,,,,,,,,,,,,,,,holiday_rental,JINDABYNE,"{'name': 'Jindabyne', 'slug': 'jindabyne', 'type': 'location'}"
139,The Stone Cottage at Wollondibby,"Rates from AU$323 per night. Final price depends on dates, guests and availability. Welcome to The Stone Cottage at Wollondibby, a unique and romantic alpine retreat where history, nature and modern comfort come together. Dating back to circa 1855, this beautifully renovated heritage-listed stone cottage has been lovingly restored using traditional building techniques while providing the comforts and conveniences of modern living. Nestled along the scenic Alpine Way, it offers couples the chance to step away from the everyday and enjoy a peaceful escape in the heart of the Snowy Mountains. Sleeping just two guests, the cottage is designed for cosy weekends and memorable stays. The open-plan interior features a comfortable queen-sized bed, a warm slow combustion fire and thoughtful touches throughout. Floor heating keeps the cottage cosy during the cooler months, while ceiling fans provide comfort in summer. The kitchenette has everything you need for a relaxed stay, including an induction hotplate, air fryer, convection microwave, pod coffee machine and dishwasher. Whether you're preparing breakfast before a day exploring the mountains or enjoying a quiet dinner together, everything is close at hand. Winter guests can make use of the drying cupboard to keep ski gear warm and ready for the next day's adventure, while the surrounding alpine region offers plenty of opportunities for skiing, snowboarding, hiking and exploring. In the warmer months, take advantage of the beautiful countryside surrounding Crackenback Valley. Spend your days exploring the Snowy Mountains, walking through the surrounding landscape or simply enjoying the peace and quiet of the property. One of the most special aspects of staying at The Stone Cottage is its history. Guests can take a walk back in time and explore historic sites on the property, including the foundations of the old Wollondibby Inn, the historic bathing area, private cemetery and the first woolshed in the area. These remnants offer a fascinating glimpse into the lives of the early settlers, including Mary and James McEvoy. There is intentionally no TV at The Stone Cottage. Instead, this is a place to slow down, curl up with a good book, enjoy the fire, share a bottle of wine and reconnect with the person you're travelling with. The property also incorporates a number of sustainability practices, including rainwater collection, recycling facilities, water-efficient taps and showers, towel reuse, insulated walls and ceilings, double-glazed windows and protected green spaces. Whether you're looking for a romantic weekend away, a peaceful mountain retreat or the chance to experience a little piece of Snowy Mountains history, The Stone Cottage at Wollondibby offers a truly special escape for two. STRA Permit ID: PID-STRA-63820",in stock,new,323.00 AUD,https://snowymountainsaccommodation.au/accommodation/the-stone-cottage/,https://images.prod.homhero.com.au/1280x0/e5bd5c43-aca3-4f3c-9364-d9c5044c6255/listing/139/1198a88f-bf64-b2b5-e3d1-a8725f77b55f.jpg,Snowy Mountains Accommodation,,,999,,,,,,,,,,,,,,,,,holiday_rental,Crackenback,"{'name': 'Holiday House', 'slug': 'holiday-house', 'type': 'property_type'}"
105,Torino 6 - Lake Jindabyne & Snowy Mountain Views and Ducted Air,"Rates from AU$485 per night. Final price depends on dates, guests and availability. Torino 6 – Lake Views, Summer Adventures & Winter Ski Escapes Welcome to Torino 6, a spacious three-storey townhouse in the heart of Jindabyne, perfectly positioned for enjoying the Snowy Mountains in every season. Set on the higher side of Jindabyne, Torino 6 enjoys beautiful views across Lake Jindabyne from multiple balconies. With four bedrooms, two bathrooms and space for up to 10 guests, it’s a great choice for families, groups of friends and those looking for a comfortable base for a Snowy Mountains adventure. In summer, the Snowy Mountains come alive with endless opportunities to get outdoors. Spend your days exploring Kosciuszko National Park, hiking scenic trails, mountain biking, fishing, swimming or enjoying the lake by kayak, paddleboard or boat. With Jindabyne’s cafés, restaurants and shops just a short walk away, you can easily enjoy a relaxed coffee or meal before heading out for the day. Winter is all about snow, and Torino 6 is ideally located for ski and snowboard trips to Perisher and Thredbo. After a day on the slopes, return home, dry your gear in the guest drying cupboard and relax in the warmth and comfort of the townhouse. The large corner spa bath is the perfect place to unwind after a day in the snow. Inside, the open-plan living, dining and kitchen area provides plenty of room for everyone to relax, with large windows and balcony access taking advantage of the lake views. The fully equipped kitchen, dishwasher and BBQ make self-catering easy, whether you’re preparing breakfast before a day on the mountain or enjoying a relaxed dinner with the group. With ducted air conditioning throughout, underfloor heating in the bathrooms, free Wi-Fi, three balconies, two TVs and a double lock-up garage, Torino 6 has everything you need for a comfortable stay. Whether you're chasing summer adventures on the lake and in the mountains, or heading to the slopes for a winter ski or snowboarding escape, Torino 6 is a fantastic base for experiencing everything the Snowy Mountains has to offer. STRA Permit ID: PID-STRA-16880-6",in stock,new,485.00 AUD,https://snowymountainsaccommodation.au/accommodation/torino-6-lake-jindabyne-snowy-mountain-views-and-ducted-air/,https://images.prod.homhero.com.au/1280x0/e5bd5c43-aca3-4f3c-9364-d9c5044c6255/listing/105/5636606c-2e03-1687-cb7e-257cdf89c0b2.jpg,Snowy Mountains Accommodation,,,999,,,,,,,,,,,,,,,,,holiday_rental,Jindabyne,"{'name': 'Jindabyne', 'slug': 'jindabyne', 'type': 'location'}"
136,Tukidale Cottage,"Rates from AU$740 per night. Final price depends on dates, guests and availability. Welcome to Tukidale Cottage, a beautifully renovated farmhouse cottage nestled in the peaceful Thredbo Valley on Alpine Way. Surrounded by the beauty of the Snowy Mountains, this cosy three-bedroom, three-bathroom cottage is the perfect alpine escape for couples, families with older children or friends looking for a comfortable base to explore the region. Please note that children under 10 are not permitted. Winter at Tukidale Cottage is all about easy access to the snow. The Skitube is just a 10-minute drive away, providing convenient access to Perisher, while Thredbo is approximately 20 minutes down the road. After a day skiing or snowboarding, return to the warmth and comfort of the cottage and unwind in the peaceful alpine surrounds. In summer, the region transforms into an outdoor playground. Explore the walking and hiking trails of Kosciuszko National Park, enjoy mountain biking, fishing and horse riding, or spend the day discovering the spectacular scenery of the Snowy Mountains. Jindabyne and Lake Jindabyne are just 12 minutes away, offering cafés, restaurants, shops and plenty of opportunities to get out on the water. Inside, Tukidale Cottage combines the charm of a traditional chalet-style farmhouse with the comfort of a recent renovation. The self-contained cottage has a well-equipped kitchen, making it easy to prepare your own meals and enjoy a relaxed night in after a day of adventure. For an evening out, Crackenback Farm Restaurant and Bar is just a short walk away, with the option to arrange catered meals delivered to the cottage. For those seeking a taste of local craftsmanship, the renowned Wild Brumby distillery is situated close by. Discover their unique selection of spirits and experience the passion and creativity that goes into each bottle. Whether you're visiting for a winter ski getaway, a summer mountain adventure or simply looking for a peaceful escape surrounded by nature, Tukidale Cottage is a wonderful base for experiencing the Snowy Mountains.",in stock,new,740.00 AUD,https://snowymountainsaccommodation.au/accommodation/tukidale-cottage/,https://images.prod.homhero.com.au/1280x0/e5bd5c43-aca3-4f3c-9364-d9c5044c6255/listing/136/8323907c-c9fc-b525-0b13-3a087c35af8c.jpg,Snowy Mountains Accommodation,,,999,,,,,,,,,,,,,,,,,holiday_rental,Crackenback,"{'name': 'Holiday House', 'slug': 'holiday-house', 'type': 'property_type'}"
